{"Timestamp":"2019-04-06T18:18:33.330Z","Ack":"Success","Build":"E1095_CORE_APILW_18899551_R1","Version":"1095","User":{"UserID":"alldayzip","FeedbackPrivate":false,"FeedbackRatingStar":"YellowShooting","FeedbackScore":23183,"NewUser":false,"RegistrationDate":"2011-03-17T23:14:04.000Z","RegistrationSite":"US","Status":"Confirmed","SellerBusinessType":"Commercial","SellerItemsURL":"http://www.ebay.com/sch/alldayzip/m.html?_nkw=&_armrs=1&_from=&_ipg","AboutMeURL":"http://members.ebay.com/ws/eBayISAPI.dll?ViewUserPage&userid=alldayzip","FeedbackDetailsURL":"http://feedback.ebay.com/ws/eBayISAPI.dll?ViewFeedback&userid=alldayzip&ssPageName=STRK:ME:UFS","PositiveFeedbackPercent":100.0,"TopRatedSeller":true},"FeedbackHistory":{"BidRetractionFeedbackPeriods":[{"PeriodInDays":7,"Count":0},{"PeriodInDays":30,"Count":0},{"PeriodInDays":180,"Count":0}],"NegativeFeedbackPeriods":[{"PeriodInDays":0,"Count":10},{"PeriodInDays":7,"Count":0},{"PeriodInDays":30,"Count":0},{"PeriodInDays":180,"Count":1},{"PeriodInDays":365,"Count":1}],"NeutralFeedbackPeriods":[{"PeriodInDays":0,"Count":11},{"PeriodInDays":7,"Count":0},{"PeriodInDays":30,"Count":0},{"PeriodInDays":180,"Count":9},{"PeriodInDays":365,"Count":9}],"PositiveFeedbackPeriods":[{"PeriodInDays":0,"Count":27532},{"PeriodInDays":7,"Count":115},{"PeriodInDays":30,"Count":380},{"PeriodInDays":180,"Count":5612},{"PeriodInDays":365,"Count":9225}],"TotalFeedbackPeriods":[{"PeriodInDays":7,"Count":115},{"PeriodInDays":30,"Count":380},{"PeriodInDays":180,"Count":5622},{"PeriodInDays":365,"Count":9235}],"UniqueNegativeFeedbackCount":10,"UniquePositiveFeedbackCount":23193,"AverageRatingDetails":[{"RatingDetail":"ItemAsDescribed","Rating":4.98,"RatingCount":7269},{"RatingDetail":"Communication","Rating":4.95,"RatingCount":7506},{"RatingDetail":"ShippingTime","Rating":4.96,"RatingCount":7684},{"RatingDetail":"ShippingAndHandlingCharges","Rating":4.99,"RatingCount":7776}]}}