
  <GetUserProfileResponse xmlns="urn:ebay:apis:eBLBaseComponents">
   <Timestamp>2019-04-16T09:20:12.719Z</Timestamp>
   <Ack>Success</Ack>
   <Build>E1089_CORE_APILW_18879361_R1</Build>
   <Version>1089</Version>
   <User>
    <UserID>cellfeee</UserID>
    <FeedbackPrivate>false</FeedbackPrivate>
    <FeedbackRatingStar>TurquoiseShooting</FeedbackRatingStar>
    <FeedbackScore>37722</FeedbackScore>
    <NewUser>false</NewUser>
    <RegistrationDate>2015-05-07T15:57:50.000Z</RegistrationDate>
    <RegistrationSite>US</RegistrationSite>
    <Status>Confirmed</Status>
    <SellerBusinessType>Commercial</SellerBusinessType>
    <SellerItemsURL>http://www.ebay.com/sch/cellfeee/m.html?_nkw=&amp;_armrs=1&amp;_from=&amp;_ipg</SellerItemsURL>
    <FeedbackDetailsURL>http://feedback.ebay.com/ws/eBayISAPI.dll?ViewFeedback&amp;userid=cellfeee&amp;ssPageName=STRK:ME:UFS</FeedbackDetailsURL>
    <PositiveFeedbackPercent>97.9</PositiveFeedbackPercent>
    <TopRatedSeller>true</TopRatedSeller>
   </User>
   <FeedbackHistory>
    <BidRetractionFeedbackPeriods>
     <PeriodInDays>7</PeriodInDays>
     <Count>0</Count>
    </BidRetractionFeedbackPeriods>
    <BidRetractionFeedbackPeriods>
     <PeriodInDays>30</PeriodInDays>
     <Count>0</Count>
    </BidRetractionFeedbackPeriods>
    <BidRetractionFeedbackPeriods>
     <PeriodInDays>180</PeriodInDays>
     <Count>0</Count>
    </BidRetractionFeedbackPeriods>
    <NegativeFeedbackPeriods>
     <PeriodInDays>0</PeriodInDays>
     <Count>1078</Count>
    </NegativeFeedbackPeriods>
    <NegativeFeedbackPeriods>
     <PeriodInDays>7</PeriodInDays>
     <Count>11</Count>
    </NegativeFeedbackPeriods>
    <NegativeFeedbackPeriods>
     <PeriodInDays>30</PeriodInDays>
     <Count>29</Count>
    </NegativeFeedbackPeriods>
    <NegativeFeedbackPeriods>
     <PeriodInDays>180</PeriodInDays>
     <Count>143</Count>
    </NegativeFeedbackPeriods>
    <NegativeFeedbackPeriods>
     <PeriodInDays>365</PeriodInDays>
     <Count>225</Count>
    </NegativeFeedbackPeriods>
    <NeutralFeedbackPeriods>
     <PeriodInDays>0</PeriodInDays>
     <Count>399</Count>
    </NeutralFeedbackPeriods>
    <NeutralFeedbackPeriods>
     <PeriodInDays>7</PeriodInDays>
     <Count>6</Count>
    </NeutralFeedbackPeriods>
    <NeutralFeedbackPeriods>
     <PeriodInDays>30</PeriodInDays>
     <Count>11</Count>
    </NeutralFeedbackPeriods>
    <NeutralFeedbackPeriods>
     <PeriodInDays>180</PeriodInDays>
     <Count>71</Count>
    </NeutralFeedbackPeriods>
    <NeutralFeedbackPeriods>
     <PeriodInDays>365</PeriodInDays>
     <Count>118</Count>
    </NeutralFeedbackPeriods>
    <PositiveFeedbackPeriods>
     <PeriodInDays>0</PeriodInDays>
     <Count>43849</Count>
    </PositiveFeedbackPeriods>
    <PositiveFeedbackPeriods>
     <PeriodInDays>7</PeriodInDays>
     <Count>131</Count>
    </PositiveFeedbackPeriods>
    <PositiveFeedbackPeriods>
     <PeriodInDays>30</PeriodInDays>
     <Count>662</Count>
    </PositiveFeedbackPeriods>
    <PositiveFeedbackPeriods>
     <PeriodInDays>180</PeriodInDays>
     <Count>6036</Count>
    </PositiveFeedbackPeriods>
    <PositiveFeedbackPeriods>
     <PeriodInDays>365</PeriodInDays>
     <Count>11561</Count>
    </PositiveFeedbackPeriods>
    <TotalFeedbackPeriods>
     <PeriodInDays>7</PeriodInDays>
     <Count>148</Count>
    </TotalFeedbackPeriods>
    <TotalFeedbackPeriods>
     <PeriodInDays>30</PeriodInDays>
     <Count>702</Count>
    </TotalFeedbackPeriods>
    <TotalFeedbackPeriods>
     <PeriodInDays>180</PeriodInDays>
     <Count>6250</Count>
    </TotalFeedbackPeriods>
    <TotalFeedbackPeriods>
     <PeriodInDays>365</PeriodInDays>
     <Count>11904</Count>
    </TotalFeedbackPeriods>
    <UniqueNegativeFeedbackCount>1019</UniqueNegativeFeedbackCount>
    <UniquePositiveFeedbackCount>38736</UniquePositiveFeedbackCount>
    <AverageRatingDetails>
     <RatingDetail>ItemAsDescribed</RatingDetail>
     <Rating>4.85</Rating>
     <RatingCount>8794</RatingCount>
    </AverageRatingDetails>
    <AverageRatingDetails>
     <RatingDetail>Communication</RatingDetail>
     <Rating>4.95</Rating>
     <RatingCount>9405</RatingCount>
    </AverageRatingDetails>
    <AverageRatingDetails>
     <RatingDetail>ShippingTime</RatingDetail>
     <Rating>4.98</Rating>
     <RatingCount>9517</RatingCount>
    </AverageRatingDetails>
    <AverageRatingDetails>
     <RatingDetail>ShippingAndHandlingCharges</RatingDetail>
     <Rating>4.99</Rating>
     <RatingCount>9621</RatingCount>
    </AverageRatingDetails>
   </FeedbackHistory>
  </GetUserProfileResponse>
 