itemId,viewItemURL,sellerInfo_sellerUserName,condition_conditionId,condition_conditionDisplayName,label,UserID,FeedbackRatingStar,FeedbackScore,NewUser,SellerBusinessType,PositiveFeedbackPercent,UniqueNegativeFeedbackCount,Rating_1,RatingCount_1,Rating_2,RatingCount_2,Rating_3,RatingCount_3,Rating_4,RatingCount_4
273521000000.0,http://www.ebay.com/itm/IPHONE-8-64GB-GOLD-FACTORY-UNLOCKED-APPLE-64-GB-GSM-EIGHT-BRAND-NEW-/273521207234,ryans_games,1000,New,0.0,ryans_games,YellowShooting,23353.0,False,Commercial,100.0,7.0,4.97,1234.0,4.98,1332.0,4.97,1172.0,4.99,1263.0
173856000000.0,http://www.ebay.com/itm/Apple-iPhone-8-256GB-Space-Gray-Gold-Silver-A1905-GSM-Unlocked-Smartphone-NEW-/173855889525?var=472572735499,cellmall,1000,New,0.0,cellmall,Green,8770.0,False,Commercial,99.3,32.0,4.9,261.0,4.85,260.0,4.92,273.0,4.96,274.0
254079000000.0,http://www.ebay.com/itm/NEW-iPhone-8-64GB-Black-Gold-UNLOCKED-VERIZON-Straight-Talk-ATT-Cricket-TMOBILE-/254078887750?var=0,smelltheuniverse,1000,New,0.0,smelltheuniverse,Green,5414.0,False,Private,99.2,102.0,4.94,113.0,4.92,110.0,4.84,112.0,4.99,114.0
332149000000.0,http://www.ebay.com/itm/NEW-OTHER-Apple-iPhone-8-64GB-256GB-Factory-Unlocked-AT-T-Straight-Talk-/332149379999?var=0,adopt-a-phone,1500,Open box,0.0,adopt-a-phone,Green,7631.0,False,Commercial,99.7,37.0,4.9,1486.0,4.92,1494.0,4.98,1560.0,5.0,1576.0
123730000000.0,http://www.ebay.com/itm/Apple-iPhone-8-64GB-Gold-AT-T-A1905-GSM-BRAND-NEW-SEALED-BOX-/123730344628,djcwholesale,1000,New,0.0,djcwholesale,Turquoise,234.0,False,Private,100.0,0.0,5.0,30.0,5.0,29.0,5.0,31.0,5.0,33.0
183273000000.0,http://www.ebay.com/itm/Apple-iPhone-8-Plus-Carrier-Option-AT-T-T-Mobile-Verizon-Unlocked-64-256GB-New-/183272774939?var=0,spartantechonline,1500,Open box,0.0,spartantechonline,PurpleShooting,87226.0,False,Commercial,99.4,1066.0,4.88,5142.0,4.96,5431.0,4.98,5475.0,4.99,5511.0
192786000000.0,http://www.ebay.com/itm/Brand-new-sealed-ATT-iPhone-8-64GB-A1905-Space-Gray-Gold-Red-Silver-1-yr-warr-/192785592754?var=0,xpwizard,1000,New,0.0,xpwizard,Turquoise,350.0,False,Undefined,100.0,1.0,5.0,29.0,4.97,29.0,4.93,30.0,5.0,31.0
273739000000.0,http://www.ebay.com/itm/Apple-iPhone-8-GSM-Model-A1905-GSM-UNLOCKED-Mixed-/273739143409?var=0,northamericanmobile,1500,Open box,0.0,northamericanmobile,Green,9723.0,False,Private,98.4,112.0,4.86,2551.0,4.9,2562.0,4.96,2698.0,5.0,2743.0
152940000000.0,http://www.ebay.com/itm/NEW-Other-Apple-iPhone-8-64GB-A1905-Factory-Unlocked-All-Colors-/152939680919?var=453046194166,om-wireless,1500,Open box,0.0,om-wireless,TurquoiseShooting,26345.0,False,Commercial,99.5,204.0,4.91,4852.0,4.94,4989.0,4.98,5154.0,4.99,5182.0
223471000000.0,http://www.ebay.com/itm/New-Apple-iPhone-8-256GB-Space-Gray-Unlocked-A1863-CDMA-GSM-Smartphone-/223470541223,cellstoreusa,1000,New,0.0,cellstoreusa,TurquoiseShooting,32960.0,False,Commercial,98.9,124.0,4.87,731.0,4.94,745.0,4.96,772.0,4.96,778.0
372626000000.0,http://www.ebay.com/itm/New-Apple-iPhone-8-256GB-Gold-Verizon-A1863-CDMA-GSM-Unlocked-Smartphone-/372625845904,cellstoreusa,1000,New,0.0,cellstoreusa,TurquoiseShooting,32960.0,False,Commercial,98.9,124.0,4.87,731.0,4.94,745.0,4.96,772.0,4.96,778.0
333029000000.0,http://www.ebay.com/itm/Apple-iPhone-8-256GB-All-Colors-Factory-GSM-Unlocked-AT-T-T-Mobile-/333029282126?var=0,buyspry,1500,Open box,0.0,buyspry,RedShooting,170935.0,False,Commercial,99.0,1568.0,4.84,15270.0,4.94,16132.0,4.96,16187.0,4.96,16292.0
253946000000.0,http://www.ebay.com/itm/IPHONE-8-64GB-GRAY-FACTORY-UNLOCKED-APPLE-64-GB-GSM-BRAND-NEW-/253945933161,ryans_games,1000,New,0.0,ryans_games,YellowShooting,23353.0,False,Commercial,100.0,7.0,4.97,1234.0,4.98,1332.0,4.97,1172.0,4.99,1263.0
183384000000.0,http://www.ebay.com/itm/iPhone-8-Plus-64-256GB-GRAY-SILVER-GOLD-AT-T-T-Mobile-Sprint-Verizon-Unlocked-/183383598518?var=0,gmdeals_inc,1500,Open box,0.0,gmdeals_inc,Red,3255.0,False,Private,98.1,86.0,4.85,1837.0,4.87,1849.0,4.96,1957.0,4.99,1982.0
233165000000.0,http://www.ebay.com/itm/New-Apple-iPhone-8-64GB-Space-Gray-Verizon-A1863-CDMA-GSM-Unlocked-/233165071972,cellstoreusa,1000,New,0.0,cellstoreusa,TurquoiseShooting,32960.0,False,Commercial,98.9,124.0,4.87,731.0,4.94,745.0,4.96,772.0,4.96,778.0
293037000000.0,http://www.ebay.com/itm/Apple-iPhone-8-64GB-Space-Gray-AT-T-Cricket-A1905-GSM-New-box-oem-/293036979052,smartphonebiz,1000,New,0.0,smartphonebiz,Red,4595.0,False,Undefined,98.2,47.0,4.88,684.0,4.86,696.0,4.96,725.0,5.0,734.0
223475000000.0,http://www.ebay.com/itm/Apple-iPhone-8-64GB-CDMA-GSM-FACTORY-UNLOCKED-AT-T-VERIZON-SPRINT-TMOBILE-/223475158900?var=522231088801,mac.forever,1500,Open box,0.0,mac.forever,Red,2075.0,False,Commercial,99.5,4.0,4.91,367.0,4.96,359.0,4.98,380.0,5.0,381.0
192615000000.0,http://www.ebay.com/itm/New-Apple-iPhone-8-64GB-256GB-4G-LTE-Factory-Unlocked-T-Mobile-AT-T-Verizon-/192615055839?var=492944158171,royaltyelectronics,1000,New,0.0,royaltyelectronics,Red,2329.0,False,Commercial,98.3,28.0,4.86,1142.0,4.91,1181.0,4.95,1210.0,4.96,1219.0
273189000000.0,http://www.ebay.com/itm/IPHONE-7-32GB-BLACK-FACTORY-UNLOCKED-APPLE-32-GB-GSM-MATTE-BRAND-NEW-/273189058712,ryans_games,1000,New,0.0,ryans_games,YellowShooting,23353.0,False,Commercial,100.0,7.0,4.97,1234.0,4.98,1332.0,4.97,1172.0,4.99,1263.0
254190000000.0,http://www.ebay.com/itm/NEW-Apple-iPhone-7-32GB-Rose-Gold-Factory-Unlocked-Brand-New-Smartphone-/254189993491,midtownwireless,1000,New,1.0,midtownwireless,Purple,921.0,False,Commercial,98.3,16.0,4.71,607.0,4.9,624.0,4.98,656.0,5.0,666.0
163442000000.0,http://www.ebay.com/itm/Brand-New-Apple-iPhone-7-128GB-Verizon-GSM-Unlocked-All-Colors-Sealed-Box-/163441833590?var=462779707035,ec_store365,1000,New,0.0,ec_store365,Red,2497.0,False,Commercial,98.9,27.0,4.93,2460.0,4.95,2469.0,4.92,1540.0,5.0,1417.0
264114000000.0,http://www.ebay.com/itm/NEW-iPhone-7-128GB-Black-Rose-UNLOCKED-VERIZON-Straight-Talk-ATT-Cricket-TMOBILE-/264113673789?var=0,smelltheuniverse,1000,New,0.0,smelltheuniverse,Green,5414.0,False,Private,99.2,102.0,4.94,113.0,4.92,110.0,4.84,112.0,4.99,114.0
273798000000.0,http://www.ebay.com/itm/Apple-iPhone-7-Unlocked-GSM-CDMA-ATT-T-mobile-Sprint-Verizon-32-128-256GB-/273798309093?var=573477811758,x-man0802,1000,New,0.0,x-man0802,YellowShooting,24183.0,False,Commercial,97.8,262.0,4.84,1198.0,4.87,1193.0,4.82,1212.0,5.0,1258.0
123719000000.0,http://www.ebay.com/itm/Apple-iPhone-7-A1660-32GB-128GB-CDMA-GSM-Unlocked-4G-ATT-T-mobile-Verizon-Sprint-/123719127272?var=424315638539,stonepackgo18,1000,New,0.0,stonepackgo18,Turquoise,175.0,False,Commercial,97.8,4.0,4.86,169.0,4.92,174.0,4.93,176.0,4.99,189.0
112970000000.0,http://www.ebay.com/itm/Apple-iPhone-7-32GB-Rose-Gold-Jet-Black-Silver-SPRINT-Mobile-NEW-/112969841647?var=0,intellicom1,1500,Open box,0.0,intellicom1,TurquoiseShooting,42230.0,False,Commercial,100.0,170.0,4.89,2492.0,4.94,2509.0,4.98,2613.0,5.0,2639.0
323432000000.0,http://www.ebay.com/itm/Apple-iPhone-7-Software-Unlocked-SmartPhone-32GB-128GB-256GB-AT-T-T-mobile-/323431647749?var=512493697854,sami809,1500,Open box,0.0,sami809,RedShooting,243886.0,False,Private,94.0,2392.0,4.66,3815.0,4.81,3926.0,4.97,4055.0,4.97,4091.0
362593000000.0,http://www.ebay.com/itm/Apple-iPhone-7-32GB-Black-Unlocked-A1778-GSM-NEW-OPEN-BOX-/362592906850,celltra89,1500,Open box,0.0,celltra89,Blue,75.0,False,Commercial,100.0,0.0,4.9,71.0,4.94,67.0,4.94,71.0,5.0,72.0
273799000000.0,http://www.ebay.com/itm/Apple-iPhone-7-A1660-Unlocked-4G-LTE-GSM-CDMA-Verizon-ATT-128GB-All-Colors-/273799343436?var=0,x-man0802,1000,New,0.0,x-man0802,YellowShooting,24183.0,False,Commercial,97.8,262.0,4.84,1198.0,4.87,1193.0,4.82,1212.0,5.0,1258.0
362536000000.0,http://www.ebay.com/itm/Apple-iPhone-7-Factory-Unlocked-T-Mobile-AT-T-Metro-PCS-256GB-128GB-32GB-/362536140240?var=631687284368,mobiletopdeal,1500,Open box,0.0,mobiletopdeal,YellowShooting,12553.0,False,Commercial,99.2,82.0,4.88,1722.0,4.9,1692.0,4.97,1807.0,4.99,1827.0
254189000000.0,http://www.ebay.com/itm/NEW-Apple-iPhone-7-128GB-Black-Factory-Unlocked-Brand-New-Smartphone-/254189017476,midtownwireless,1000,New,0.0,midtownwireless,Purple,921.0,False,Commercial,98.3,16.0,4.71,607.0,4.9,624.0,4.98,656.0,5.0,666.0
142673000000.0,http://www.ebay.com/itm/NEW-Apple-iPhone-7-32GB-Black-Verizon-FACTORY-UNLOCKED-Open-Box-/142673139633,jashss2014,1500,Open box,0.0,jashss2014,Green,6776.0,False,Commercial,99.4,25.0,4.91,2783.0,4.95,2752.0,4.98,2929.0,5.0,2966.0
233178000000.0,http://www.ebay.com/itm/Apple-iPhone-7-128GB-Factory-GSM-UNLOCKED-AT-T-T-MOBILE-Smartphone-/233178303207?var=532662579719,buyspry,1500,Open box,0.0,buyspry,RedShooting,170935.0,False,Commercial,99.0,1568.0,4.84,15270.0,4.94,16132.0,4.96,16187.0,4.96,16292.0
142695000000.0,http://www.ebay.com/itm/NEW-Apple-iPhone-7-128GB-Black-Verizon-FACTORY-UNLOCKED-Open-Box-/142694634081,jashss2014,1500,Open box,0.0,jashss2014,Green,6776.0,False,Commercial,99.4,25.0,4.91,2783.0,4.95,2752.0,4.98,2929.0,5.0,2966.0
162789000000.0,http://www.ebay.com/itm/Apple-iPhone-X-64GB-Unlocked-USA-Model-Apple-Warranty-Brand-New-/162788888231?var=461827580332,alldayzip,1000,New,0.0,alldayzip,YellowShooting,23255.0,False,Commercial,100.0,10.0,4.98,7209.0,4.95,7441.0,4.96,7621.0,4.99,7711.0
273780000000.0,http://www.ebay.com/itm/Apple-iPhone-X-64GB-UNLOCKED-WHITE-COLOR-STILL-HAS-FACTORY-PLASTIC-/273780065903,504saintsfan1983,1500,Open box,1.0,504saintsfan1983,Red,4759.0,False,Private,100.0,0.0,4.72,18.0,5.0,18.0,5.0,18.0,4.71,17.0
254188000000.0,http://www.ebay.com/itm/Apple-iPhone-X-64GB-GSM-CDMA-Unlocked-USA-Model-Apple-Warranty-Brand-New-/254187568657?var=553554774099,trentnine56,1000,New,0.0,trentnine56,Purple,657.0,False,Commercial,100.0,3.0,4.99,76.0,4.92,75.0,4.88,76.0,5.0,78.0
162768000000.0,http://www.ebay.com/itm/Apple-iPhone-X-256GB-GSM-Unlocked-USA-Model-Apple-Warranty-/162767889044?var=461804721058,alldayzip,1000,New,0.0,alldayzip,YellowShooting,23255.0,False,Commercial,100.0,10.0,4.98,7209.0,4.95,7441.0,4.96,7621.0,4.99,7711.0
163208000000.0,http://www.ebay.com/itm/NEW-Samsung-Galaxy-S8-PLUS-SM-G955U1-Factory-Unlocked-GSM-CDMA-All-Colors-/163207965716?var=0,om-wireless,1000,New,0.0,om-wireless,TurquoiseShooting,26345.0,False,Commercial,99.5,204.0,4.91,4852.0,4.94,4989.0,4.98,5154.0,4.99,5182.0
192867000000.0,http://www.ebay.com/itm/NEW-UNLOCKED-Samsung-Galaxy-S9-SM-G960U-64GB-MIDNIGHT-BLACK-G960U-GSM-UNLOCKED-/192867217064,diamond.wireless,1000,New,0.0,diamond.wireless,Green,6535.0,False,Commercial,99.0,71.0,4.89,1795.0,4.95,1876.0,4.98,1910.0,4.99,1929.0
202267000000.0,http://www.ebay.com/itm/Samsung-Galaxy-S9-Plus-128GB-SM-G965F-DS-Dual-Sim-FACTORY-UNLOCKED-6GB-RAM-/202267006091?var=502229758763,never-msrp,1000,New,0.0,never-msrp,PurpleShooting,97718.0,False,Commercial,99.4,258.0,4.92,13809.0,4.85,13968.0,4.96,14494.0,4.93,14421.0
192584000000.0,http://www.ebay.com/itm/New-Samsung-Galaxy-S9-G960U-64GB-4G-LTE-Factory-Unlocked-T-Mobile-AT-T-Verizon-/192584164713?var=492710298430,royaltyelectronics,1000,New,0.0,royaltyelectronics,Red,2329.0,False,Commercial,98.3,28.0,4.86,1142.0,4.91,1181.0,4.95,1210.0,4.96,1219.0
133017000000.0,http://www.ebay.com/itm/Samsung-Galaxy-S9-64GB-Liliac-Purple-T-Mobile-G960UZPATMB-/133016871644,quickshipelectronics,1500,Open box,0.0,quickshipelectronics,RedShooting,308152.0,False,Commercial,99.8,1018.0,4.94,22349.0,4.94,21792.0,4.98,23396.0,5.0,23556.0
173864000000.0,http://www.ebay.com/itm/Samsung-Galaxy-S9-G960U-64GB-4G-LTE-Unlocked-Smartphone-1-Year-Warranty-/173864222940?var=472583340940,qualitycellz,1500,Open box,0.0,qualitycellz,RedShooting,137947.0,False,Commercial,99.9,843.0,4.87,4953.0,4.88,4834.0,4.97,5233.0,4.98,5259.0
372223000000.0,http://www.ebay.com/itm/Samsung-Galaxy-S9-Plus-SM-G965F-DS-Dual-Sim-FACTORY-UNLOCKED-6-2-64GB-6GB-RAM-/372222515707?var=641075366137,sobeonline1,1000,New,0.0,sobeonline1,TurquoiseShooting,40773.0,False,Commercial,98.7,318.0,4.89,6399.0,4.88,6454.0,4.93,6747.0,4.96,6802.0
182982000000.0,http://www.ebay.com/itm/NEW-Samsung-GALAXY-S8-64GB-SM-G950U1-Factory-Unlocked-GSM-CDMA-All-Colors-/182981974776?var=0,om-wireless,1000,New,0.0,om-wireless,TurquoiseShooting,26345.0,False,Commercial,99.5,204.0,4.91,4852.0,4.94,4989.0,4.98,5154.0,4.99,5182.0
123577000000.0,http://www.ebay.com/itm/Samsung-Galaxy-Note-7-FE-SM-N935F-Dual-sim-CORAL-BLUE-sm-n930-safe-planes-unl-/123577379223,red_bull_81,1000,New,0.0,red_bull_81,Red,1911.0,False,Private,100.0,5.0,4.95,134.0,4.93,136.0,4.99,146.0,5.0,147.0
202646000000.0,http://www.ebay.com/itm/NEW-UNLOCKED-Samsung-Galaxy-Note-8-SM-N950U-64GB-MIDNIGHT-BLACK-GSM-UNLOCKED-/202645652932,diamond.wireless,1000,New,0.0,diamond.wireless,Green,6535.0,False,Commercial,99.0,71.0,4.89,1795.0,4.95,1876.0,4.98,1910.0,4.99,1929.0
182969000000.0,http://www.ebay.com/itm/NEW-Samsung-Galaxy-NOTE-8-SM-N950U1-Factory-Unlocked-CDMA-GSM-All-Colors-/182968919314?var=690282411602,om-wireless,1000,New,0.0,om-wireless,TurquoiseShooting,26345.0,False,Commercial,99.5,204.0,4.91,4852.0,4.94,4989.0,4.98,5154.0,4.99,5182.0
173724000000.0,http://www.ebay.com/itm/Samsung-Galaxy-Note-8-N950U-64GB-GSM-Unlocked-Smartphone-N-O-/173724016562?var=472396927924,qualitycellz,1500,Open box,0.0,qualitycellz,RedShooting,137947.0,False,Commercial,99.9,843.0,4.87,4953.0,4.88,4834.0,4.97,5233.0,4.98,5259.0
352606000000.0,http://www.ebay.com/itm/NEW-Samsung-Galaxy-NOTE-8-SM-N950U-Factory-Unlocked-CDMA-GSM-ATT-TMobile-Verizon-/352606206349,phonestoreusa,1000,New,0.0,phonestoreusa,RedShooting,162155.0,False,Commercial,98.2,1914.0,4.85,3267.0,4.9,3343.0,4.98,3492.0,4.99,3525.0
123620000000.0,http://www.ebay.com/itm/New-Samsung-Galaxy-Note-8-SM-N950U-64GB-NETWORK-UNLOCKED-BLACK-GRAY-ATT-TMobile-/123619990192?var=0,salebrigade,1000,New,0.0,salebrigade,Green,5687.0,False,Undefined,99.5,30.0,4.87,128.0,4.95,137.0,5.0,138.0,5.0,139.0
142459000000.0,http://www.ebay.com/itm/Samsung-Galaxy-Note-8-SM-N950F-DS-64GB-FACTORY-UNLOCKED-Black-Gold-Gray-Pink-/142459217020?var=441459709538,sobeonline1,1000,New,0.0,sobeonline1,TurquoiseShooting,40773.0,False,Commercial,98.7,318.0,4.89,6399.0,4.88,6454.0,4.93,6747.0,4.96,6802.0
223344000000.0,http://www.ebay.com/itm/NEW-Samsung-Galaxy-Note-8-SM-N950-64GB-Orchid-Gray-Unlocked-Smartphone-/223344402570,ampmcellular,1000,New,0.0,ampmcellular,YellowShooting,18853.0,False,Commercial,99.5,126.0,4.9,7608.0,4.92,7642.0,4.97,8039.0,5.0,8089.0
264225000000.0,http://www.ebay.com/itm/NEW-Samsung-Galaxy-NOTE-8-SM-N950U-Factory-Unlocked-CDMA-GSM-All-Colors-/264225014758?var=563789347481,xyzshop2015,1000,New,0.0,xyzshop2015,Red,3462.0,False,Commercial,97.6,60.0,4.88,915.0,4.88,910.0,4.69,486.0,4.97,507.0
333146000000.0,http://www.ebay.com/itm/New-Samsung-Galaxy-Note8-SM-N950U-64GB-Gray-Sprint-Smartphone-/333145935811,sightandsoundstore,1000,New,0.0,sightandsoundstore,YellowShooting,10053.0,False,Commercial,100.0,13.0,4.87,95.0,4.88,93.0,5.0,100.0,5.0,99.0
113469000000.0,http://www.ebay.com/itm/Samsung-Galaxy-Note-8-N950U-Black-Verizon-GSM-Unlocked-AT-T-T-Mobile-/113468878308,emb-phones,1500,Open box,0.0,emb-phones,PurpleShooting,75720.0,False,Commercial,99.9,427.0,4.85,16407.0,4.92,16488.0,4.96,17369.0,4.99,17594.0
192864000000.0,http://www.ebay.com/itm/New-Samsung-Galaxy-Note-8-SM-N950U-64GB-NETWORK-UNLOCKED-BLACK-/192863693316?var=0,horizonwirelesstx,1000,New,0.0,horizonwirelesstx,Red,3919.0,False,Commercial,99.7,35.0,4.91,832.0,4.95,830.0,4.97,864.0,5.0,888.0
163519000000.0,http://www.ebay.com/itm/New-Samsung-Galaxy-Note-8-SM-N950U-GSM-Unlocked-AT-T-TMobile-Metro-PCS-Worldwide-/163518714011?var=462878005679,allthat2015,1000,New,0.0,allthat2015,Red,1790.0,False,Commercial,98.1,32.0,4.77,576.0,4.89,571.0,4.97,606.0,4.96,615.0
202351000000.0,http://www.ebay.com/itm/New-Samsung-Galaxy-NOTE-8-N950U-64GB-Factory-Unlocked-T-Mobile-AT-T-Verizon-/202350880202?var=502348252779,royaltyelectronics,1000,New,0.0,royaltyelectronics,Red,2329.0,False,Commercial,98.3,28.0,4.86,1142.0,4.91,1181.0,4.95,1210.0,4.96,1219.0
264247000000.0,http://www.ebay.com/itm/NEW-Samsung-Galaxy-Note-8-SM-N950U-64GB-Verizon-GSM-Factory-Unlocked-Smartphone-/264246521307,xyzshop2015,1000,New,0.0,xyzshop2015,Red,3462.0,False,Commercial,97.6,60.0,4.88,915.0,4.88,910.0,4.69,486.0,4.97,507.0
192308000000.0,http://www.ebay.com/itm/Samsung-Galaxy-Note-8-SM-N950F-DS-64GB-FACTORY-UNLOCKED-Black-Gold-Gray-Pink-/192307502828?var=492276838193,never-msrp,1000,New,0.0,never-msrp,PurpleShooting,97718.0,False,Commercial,99.4,258.0,4.92,13809.0,4.85,13968.0,4.96,14494.0,4.93,14421.0
333082000000.0,http://www.ebay.com/itm/Blackberry-Key2-LE-BB100-4-64GB-All-Colors-International-GSM-Unlocked-/333082329878?var=542115525324,buyspry,1000,New,0.0,buyspry,RedShooting,170935.0,False,Commercial,99.0,1568.0,4.84,15270.0,4.94,16132.0,4.96,16187.0,4.96,16292.0
153358000000.0,http://www.ebay.com/itm/New-inbox-BlackBerry-KeyOne-BBB100-3-32GB-Silver-Verizon-GSM-Global-Unlocked-/153358165101,amazing-wireless,1000,New,0.0,amazing-wireless,PurpleShooting,90073.0,False,Commercial,99.9,404.0,4.93,20100.0,4.95,20740.0,4.98,21378.0,4.99,21563.0
183566000000.0,http://www.ebay.com/itm/BlackBerry-KEY2-BBF100-6-Unlocked-64GB-6GB-RAM-Dual-Sim-4G-Phone-International-/183566351593?var=690940826832,cell-force,1000,New,0.0,cell-force,RedShooting,132544.0,False,Commercial,98.6,1269.0,4.9,3715.0,4.92,3772.0,4.97,3909.0,4.99,3951.0
202284000000.0,http://www.ebay.com/itm/BlackBerry-KEYone-Bronze-Edition-64GB-BBB100-5-Dual-Sim-FACTORY-UNLOCKED-4GB-/202284261760,never-msrp,1000,New,0.0,never-msrp,PurpleShooting,97718.0,False,Commercial,99.4,258.0,4.92,13809.0,4.85,13968.0,4.96,14494.0,4.93,14421.0
143140000000.0,http://www.ebay.com/itm/OVERSTOCK-Google-Pixel-2-64GB-Just-Black-Factory-Unlocked-Smartphone-/143139677416,flipcells,1500,Open box,0.0,flipcells,Turquoise,282.0,False,Commercial,99.3,2.0,4.81,185.0,4.9,189.0,5.0,194.0,4.99,196.0
153428000000.0,http://www.ebay.com/itm/Google-Pixel-2-XL-128GB-64GB-6in-Verizon-Unlocked-Android-GSM-Global-Black-White-/153427827403?var=0,view_buy3c,1000,New,0.0,view_buy3c,Red,3534.0,False,Commercial,99.0,119.0,4.95,1244.0,4.94,1246.0,4.91,826.0,4.99,829.0
192880000000.0,http://www.ebay.com/itm/Google-Pixel-3-XL-64GB-Just-Black-Unlocked-/192879847751,wirelessmarket1,1500,Open box,0.0,wirelessmarket1,TurquoiseShooting,35198.0,False,Commercial,95.7,727.0,4.75,4420.0,4.8,4414.0,4.97,4686.0,4.98,4710.0
153429000000.0,http://www.ebay.com/itm/Google-Pixel-3-XL-64-GB-UNLOCKED-Factory-Plastic-Newest-Model-Black-/153428967387,valueplus1,1500,Open box,0.0,valueplus1,Turquoise,403.0,False,Private,100.0,0.0,4.87,23.0,5.0,24.0,5.0,24.0,5.0,24.0
202651000000.0,http://www.ebay.com/itm/NEW-Google-Pixel-3-128gb-Pink-Unlocked-/202651087830,everythingmustgomart,1000,New,1.0,everythingmustgomart,Turquoise,233.0,False,Private,98.9,2.0,4.91,56.0,4.89,55.0,4.95,58.0,4.86,58.0
223478000000.0,http://www.ebay.com/itm/Google-Pixel-3-Factory-Unlocked-64GB-Just-Black-Smartphone-Flawless-Condition-/223478084347,cell-traders,1500,Open box,0.0,cell-traders,Red,3506.0,False,Commercial,97.9,77.0,4.8,1026.0,4.88,1049.0,4.96,1077.0,4.96,1092.0
202581000000.0,http://www.ebay.com/itm/Unlocked-Verizon-Google-Pixel-3-XL-64GB-128GB-CDMA-GSM-Smartphone-/202580519640?var=502649780284,phone_cellar,1500,Open box,0.0,phone_cellar,RedShooting,114912.0,False,Commercial,99.2,912.0,4.84,4240.0,4.92,4355.0,4.96,4463.0,4.99,4502.0
202575000000.0,http://www.ebay.com/itm/Unlocked-Verizon-Google-Pixel-3-64GB-128GB-CDMA-GSM-Black-White-Pink-Smartphone-/202575159030?var=502643848731,phone_cellar,1500,Open box,0.0,phone_cellar,RedShooting,114912.0,False,Commercial,99.2,912.0,4.84,4240.0,4.92,4355.0,4.96,4463.0,4.99,4502.0
273795000000.0,http://www.ebay.com/itm/GOOGLE-PIXEL-3-64GB-128GB-VERIZON-AT-T-T-MOBILE-STRAIGHT-TALK-BLACK-PINK-WHITE-/273794904661?var=573467043303,concept_electronics,1500,Open box,0.0,concept_electronics,PurpleShooting,65792.0,False,Commercial,99.9,214.0,4.88,4692.0,4.94,4742.0,4.98,4965.0,4.99,5008.0
173863000000.0,http://www.ebay.com/itm/Google-Pixel-3-Smartphone-64GB-Not-Pink-Unlocked-/173862964808,wirelessmarket1,1500,Open box,0.0,wirelessmarket1,TurquoiseShooting,35198.0,False,Commercial,95.7,727.0,4.75,4420.0,4.8,4414.0,4.97,4686.0,4.98,4710.0
283439000000.0,http://www.ebay.com/itm/LG-G7-ThinQ-G710VM-64GB-GSM-Unlocked-Smartphone-Black-Mint-/283438642115,prioritywireless,1000,New,0.0,prioritywireless,Red,1271.0,False,Commercial,99.5,5.0,4.94,1013.0,4.97,1052.0,4.98,1064.0,5.0,1079.0
183491000000.0,http://www.ebay.com/itm/NEW-LG-G7-ThinQ-64GB-AT-T-T-MOBILE-GLOBAL-UNLOCKED-Platinum-Grey-LMG710ULM-/183491362772,amazing-wireless,1000,New,0.0,amazing-wireless,PurpleShooting,90073.0,False,Commercial,99.9,404.0,4.93,20100.0,4.95,20740.0,4.98,21378.0,4.99,21563.0
183763000000.0,http://www.ebay.com/itm/LG-G7-ThinQ-LMG710AWM-64GB-New-Platinum-Gray-Unlocked-CA-/183763080496,calmobility,1000,New,0.0,calmobility,Yellow,18.0,False,Private,100.0,0.0,4.67,12.0,5.0,12.0,4.5,12.0,4.5,12.0
264195000000.0,http://www.ebay.com/itm/New-SEALED-HTC-One-M9-VERIZON-32GB-Unlocked-Smartphone-3-COLORS-/264194985216?var=563751270276,unlocked.kingdom,1000,New,0.0,unlocked.kingdom,Red,1918.0,False,Commercial,97.4,45.0,4.88,1620.0,4.89,1618.0,4.75,1000.0,4.94,1032.0
151919000000.0,http://www.ebay.com/itm/Unlocked-New-Motorola-Moto-Z2-Force-XT1789-4G-LTE-64GB-Super-Black-Great-Deal-/151918764886,cph2020,1500,Open box,0.0,cph2020,PurpleShooting,57637.0,False,Commercial,99.7,366.0,4.89,7743.0,4.94,7832.0,4.99,8290.0,4.99,8345.0
123689000000.0,http://www.ebay.com/itm/Motorola-Moto-Z-Force-Droid-32GB-Unlocked-Smartphone-Black-Lunar-Grey-XT-1650M-/123689043900,poppy9780,1500,Open box,0.0,poppy9780,RedShooting,201653.0,False,Commercial,99.2,1093.0,4.89,12456.0,4.95,12863.0,4.95,13037.0,4.97,13249.0
303107000000.0,http://www.ebay.com/itm/Motorola-Moto-Z-Droid-XT1650-01-32GB-Verizon-Factory-Unlocked-Smartphone-A-/303106510925?var=602036596622,dealsrus365,1500,Open box,0.0,dealsrus365,PurpleShooting,59229.0,False,Commercial,98.1,973.0,4.8,7991.0,4.9,8311.0,4.96,8480.0,4.99,8646.0
264250000000.0,http://www.ebay.com/itm/MOTOROLA-MOTO-Z2-FORCE-XT1789-VERIZON-4G-LTE-T-MOBILE-UNLOCKED-BLACK-64GB-/264250370940?var=0,xyzshop2015,1000,New,0.0,xyzshop2015,Red,3462.0,False,Commercial,97.6,60.0,4.88,915.0,4.88,910.0,4.69,486.0,4.97,507.0
223076000000.0,http://www.ebay.com/itm/Sony-XPERIA-XZ2-Premium-Dual-H8166-FACTORY-UNLOCKED-6GB-RAM-Black-Silver-/223075648135?var=521889656943,never-msrp,1000,New,0.0,never-msrp,PurpleShooting,97718.0,False,Commercial,99.4,258.0,4.92,13809.0,4.85,13968.0,4.96,14494.0,4.93,14421.0
232995000000.0,http://www.ebay.com/itm/Sony-Xperia-XZ-32GB-F8331-4G-LTE-GSM-Unlocked-Android-Smartphone-23MP-/232995103395?var=532509643766,bestphone4u_2016,1000,New,0.0,bestphone4u_2016,YellowShooting,12939.0,False,Commercial,99.5,522.0,4.97,2295.0,4.97,2297.0,4.92,1370.0,5.0,1320.0
202555000000.0,http://www.ebay.com/itm/Sony-XPERIA-XZ3-Dual-H9493-FACTORY-UNLOCKED-6GB-RAM-Black-Green-Red-Silver-/202554940642?var=502616864287,never-msrp,1000,New,0.0,never-msrp,PurpleShooting,97718.0,False,Commercial,99.4,258.0,4.92,13809.0,4.85,13968.0,4.96,14494.0,4.93,14421.0
163206000000.0,http://www.ebay.com/itm/Sony-Xperia-Z3-D6603-LTE-GSM-Unlocked-Smartphone-Cell-Phone-AT-T-T-Mobile-16GB-/163205893447?var=462397798532,best_deal_today,1500,Open box,0.0,best_deal_today,RedShooting,232945.0,False,Commercial,99.6,629.0,4.87,14944.0,4.92,14965.0,4.96,15785.0,4.98,15961.0
273797000000.0,http://www.ebay.com/itm/Sony-Xperia-Z3-D6603-16GB-Black-Unlocked-Smartphone-Free-shipping-/273797443986,denwashoppu,1500,Open box,0.0,denwashoppu,YellowShooting,16264.0,False,Commercial,96.9,234.0,4.74,86.0,4.82,88.0,4.73,86.0,4.94,95.0
352396000000.0,http://www.ebay.com/itm/Sony-Xperia-XA-F3113-16GB-GSM-Android-Phone-Graphite-Black-/352396187409,breedproducts,1000,New,0.0,breedproducts,RedShooting,148412.0,False,Commercial,97.4,1906.0,4.83,2970.0,4.91,3150.0,4.99,3177.0,4.97,3193.0
392201000000.0,http://www.ebay.com/itm/Sony-Xperia-XA-F3113-16GB-GSM-Android-Phone-Lime-Gold-/392201298082,breedproducts,1000,New,0.0,breedproducts,RedShooting,148412.0,False,Commercial,97.4,1906.0,4.83,2970.0,4.91,3150.0,4.99,3177.0,4.97,3193.0
233187000000.0,http://www.ebay.com/itm/NEW-SONY-Xperia-XA-16GB-4G-GSM-UNLOCKED-Smartphone-F3113-Graphite-Black-/233186866963,mobile_tek_usa,1000,New,0.0,mobile_tek_usa,Green,7979.0,False,Commercial,99.0,73.0,4.91,1303.0,4.95,1349.0,4.99,1391.0,5.0,1408.0
392198000000.0,http://www.ebay.com/itm/Sony-Xperia-XA1-Ultra-G3223-32GB-Unlocked-GSM-LTE-Octa-Core-Phone-23MP-Pink-/392198129236,breedproducts,1000,New,0.0,breedproducts,RedShooting,148412.0,False,Commercial,97.4,1906.0,4.83,2970.0,4.91,3150.0,4.99,3177.0,4.97,3193.0
382888000000.0,http://www.ebay.com/itm/Sony-Xperia-L1-G3313-16GB-Smartphone-GSM-Unlocked-Black-NEW-/382887530438,johnnyp1000,1500,Open box,0.0,johnnyp1000,Red,4276.0,False,Private,100.0,0.0,4.97,239.0,4.99,239.0,5.0,253.0,5.0,255.0
292447000000.0,http://www.ebay.com/itm/Sony-Xperia-L2-Unlocked-Smartphone-32GB-Black-/292447000789,focuscamera,1000,New,0.0,focuscamera,RedShooting,109860.0,False,Undefined,99.4,950.0,4.94,14857.0,4.97,15752.0,4.97,15702.0,5.0,15935.0
192559000000.0,http://www.ebay.com/itm/Unlocked-Sony-Xperia-L2-Black-H3321-32GB-GSM-LTE-Smartphone-/192558781310,phone_cellar,1500,Open box,0.0,phone_cellar,RedShooting,114912.0,False,Commercial,99.2,912.0,4.84,4240.0,4.92,4355.0,4.96,4463.0,4.99,4502.0
183739000000.0,http://www.ebay.com/itm/OnePlus-5-A5000-Unlocked-128GB-8GB-RAM-Dual-Sim-4G-LTE-Phone-USA-Global-Version-/183739183749?var=0,cell-force,1000,New,0.0,cell-force,RedShooting,132544.0,False,Commercial,98.6,1269.0,4.9,3715.0,4.92,3772.0,4.97,3909.0,4.99,3951.0
173852000000.0,http://www.ebay.com/itm/OnePlus-3-64GB-Graphite-Unlocked-Smartphone-/173851579045,luckywire,1500,Open box,0.0,luckywire,YellowShooting,14426.0,False,Commercial,93.0,242.0,4.58,880.0,4.61,876.0,4.94,935.0,4.95,944.0
192771000000.0,http://www.ebay.com/itm/Unlocked-OnePlus-3-A3000-64GB-Dual-SIM-LTE-GSM-Android-Smartphone-/192771214783?var=492913920159,phone_cellar,1500,Open box,0.0,phone_cellar,RedShooting,114912.0,False,Commercial,99.2,912.0,4.84,4240.0,4.92,4355.0,4.96,4463.0,4.99,4502.0
183716000000.0,http://www.ebay.com/itm/OnePlus-3T-A3000-64GB-Dual-SIM-LTE-GSM-Unlocked-Android-Smartphone-/183716354608?var=691295169963,luckywire,1500,Open box,0.0,luckywire,YellowShooting,14426.0,False,Commercial,93.0,242.0,4.58,880.0,4.61,876.0,4.94,935.0,4.95,944.0
183759000000.0,http://www.ebay.com/itm/OnePlus-3-A3000-64GB-Dual-SIM-LTE-GSM-Unlocked-Android-Smartphone-/183758991091?var=0,luckywire,1500,Open box,0.0,luckywire,YellowShooting,14426.0,False,Commercial,93.0,242.0,4.58,880.0,4.61,876.0,4.94,935.0,4.95,944.0
163644000000.0,http://www.ebay.com/itm/OnePlus-6T-McLaren-Edition-10GB-RAM-256GB-Unlocked-US-/163643722712,salmonofdoubt,3000,Used,0.0,salmonofdoubt,Purple,926.0,False,Private,100.0,0.0,4.91,12.0,4.92,12.0,4.98,12.0,5.0,12.0
153431000000.0,http://www.ebay.com/itm/Xiaomi-Redmi-Note-7-Unlocked-64GB-4GB-RAM-Dual-Sim-4G-Phone-EU-Global-Version-/153430947721?var=453371112624,cell-force,1000,New,0.0,cell-force,RedShooting,132544.0,False,Commercial,98.6,1269.0,4.9,3715.0,4.92,3772.0,4.97,3909.0,4.99,3951.0
153197000000.0,http://www.ebay.com/itm/Xiaomi-Redmi-Note-6-Pro-Unlocked-32GB-3GB-RAM-Dual-Sim-Phone-EU-Global-Version-/153197311793?var=453054297456,cell-force,1000,New,0.0,cell-force,RedShooting,132544.0,False,Commercial,98.6,1269.0,4.9,3715.0,4.92,3772.0,4.97,3909.0,4.99,3951.0
333149000000.0,http://www.ebay.com/itm/Xiaomi-REDMI-Note-5-4gb-64gb-Dual-SIM-Unlocked-Gold-WORKS-GREAT-/333149234712,samanthatronics,3000,Used,0.0,samanthatronics,Red,2318.0,False,Private,99.7,9.0,4.88,1919.0,4.95,2001.0,4.97,2021.0,4.99,2054.0
392170000000.0,http://www.ebay.com/itm/Xiaomi-Redmi-Note-6-Pro-64GB-Unlocked-GSM-Dual-12MP-5MP-Phone-Black-/392170206631,breedproducts,1000,New,0.0,breedproducts,RedShooting,148412.0,False,Commercial,97.4,1906.0,4.83,2970.0,4.91,3150.0,4.99,3177.0,4.97,3193.0
173459000000.0,http://www.ebay.com/itm/Xiaomi-Redmi-Note-5-Unlocked-32GB-3GB-RAM-Dual-Sim-4G-Phone-USA-Global-Version-/173459077077?var=472158433808,cell-force,1000,New,0.0,cell-force,RedShooting,132544.0,False,Commercial,98.6,1269.0,4.9,3715.0,4.92,3772.0,4.97,3909.0,4.99,3951.0
133014000000.0,http://www.ebay.com/itm/Xiaomi-Redmi-Note-5-Blue-4GB-64GB-Smartphone-Snapdragon-636-Octa-Core-unlocked-/133014326886,hjy2519379,3000,Used,0.0,hjy2519379,Turquoise,130.0,False,Private,97.4,1.0,4.91,12.0,4.92,12.0,4.98,12.0,5.0,12.0
401747000000.0,http://www.ebay.com/itm/Iphone-Xr-/401747318489,britlee_20,3000,Used,1.0,britlee_20,None,0.0,False,Private,0.0,0.0,4.91,12.0,4.92,12.0,4.98,12.0,5.0,12.0
133011000000.0,http://www.ebay.com/itm/Apple-iPhone-XR-64GB-128GB-Sprint-Black-White-Yellow-Blue-Red-Coral-New-/133010995957?var=0,shopcelldeals,1000,New,0.0,shopcelldeals,RedShooting,230978.0,False,Private,99.2,946.0,4.92,3719.0,4.96,3919.0,4.99,4019.0,5.0,4044.0
323644000000.0,http://www.ebay.com/itm/Apple-iPhone-XR-64GB-128GB-256GB-UNLOCKED-Verizon-Black-Red-White-SEALED-/323644056928?var=0,santamonicawireless,1000,New,0.0,santamonicawireless,YellowShooting,17007.0,False,Commercial,99.5,75.0,4.91,2770.0,4.94,2867.0,4.96,2938.0,4.99,2972.0
153233000000.0,http://www.ebay.com/itm/Apple-iPhone-XR-128GB-All-Colors-GSM-CDMA-Unlocked-Brand-New-/153232799841?var=453095693036,alldayzip,1000,New,0.0,alldayzip,YellowShooting,23255.0,False,Commercial,100.0,10.0,4.98,7209.0,4.95,7441.0,4.96,7621.0,4.99,7711.0
223469000000.0,http://www.ebay.com/itm/Apple-iPhone-XR-64GB-128GB-256GB-VERIZON-AT-T-SPRINT-CRICKET-SHIPS-SAME-DAY-/223469068413?var=0,mac.forever,1500,Open box,0.0,mac.forever,Red,2075.0,False,Commercial,99.5,4.0,4.91,367.0,4.96,359.0,4.98,380.0,5.0,381.0
303123000000.0,http://www.ebay.com/itm/Apple-iPhone-XR-PRODUCT-RED-128GB-T-Mobile-A1984-CDMA-GSM-Phone-Only-/303123249212,chinabookcenter,1500,Open box,0.0,chinabookcenter,Red,1084.0,False,Commercial,100.0,3.0,5.0,45.0,5.0,45.0,5.0,45.0,5.0,45.0
192815000000.0,http://www.ebay.com/itm/Apple-iPhone-XR-64-128-256GB-GSM-Unlocked-Verizon-T-Mobile-Metro-PCS-New-Other-/192815430559?var=492952862757,dan2friend,1500,Open box,0.0,dan2friend,YellowShooting,19429.0,False,Private,100.0,4.0,4.97,4966.0,4.98,5012.0,4.99,5232.0,5.0,5295.0
163336000000.0,http://www.ebay.com/itm/Apple-iPhone-XR-64GB-All-Colors-GSM-CDMA-Unlocked-Brand-New-/163335648730?var=462606797585,alldayzip,1000,New,0.0,alldayzip,YellowShooting,23255.0,False,Commercial,100.0,10.0,4.98,7209.0,4.95,7441.0,4.96,7621.0,4.99,7711.0
192811000000.0,http://www.ebay.com/itm/New-Apple-iPhone-XR-64-128-256GB-Sprint-CDMA-iOS-Smartphone-Choose-Your-Color-/192810889381?var=0,dan2friend,1500,Open box,0.0,dan2friend,YellowShooting,19429.0,False,Private,100.0,4.0,4.97,4966.0,4.98,5012.0,4.99,5232.0,5.0,5295.0
392275000000.0,http://www.ebay.com/itm/Apple-iPhone-XR-64GB-White-Sprint-A1984-CDMA-GSM-READ-POST-PLS-/392275303628,luckyidealz,3000,Used,0.0,luckyidealz,None,9.0,False,Private,100.0,0.0,4.91,12.0,4.92,12.0,4.98,12.0,5.0,12.0
333134000000.0,http://www.ebay.com/itm/New-Unlocked-Apple-iPhone-XS-64-256-512GB-Space-Gray-Silver-Gold-GSM-CDMA-/333133710209?var=542156356437,nycelectron,1500,Open box,0.0,nycelectron,Green,6702.0,False,Commercial,98.5,77.0,4.92,1025.0,4.91,1007.0,4.96,1090.0,5.0,1096.0
264278000000.0,http://www.ebay.com/itm/Apple-iPhone-XS-256GB-Gold-Unlocked-A1920-CDMA-GSM-Smartphone-Newest-Model-/264278013477,geowirelessllc,1500,Open box,0.0,geowirelessllc,Red,2573.0,False,Commercial,99.6,4.0,4.94,72.0,4.92,73.0,5.0,73.0,4.95,73.0
264279000000.0,http://www.ebay.com/itm/Apple-iPhone-XS-Max-256GB-Space-Gray-Factory-Unlocked-A1921-CDMA-GSM-/264278705575,clarderr_ex6wpow,3000,Used,0.0,clarderr_ex6wpow,Turquoise,100.0,False,Private,100.0,0.0,5.0,12.0,5.0,12.0,4.75,12.0,5.0,12.0
143207000000.0,http://www.ebay.com/itm/Apple-iPhone-XS-Max-256GB-Silver-AT-T-A1921-CDMA-GSM-MT602LL-A-/143206919568,mfsalesstore,3000,Used,0.0,mfsalesstore,YellowShooting,15830.0,False,Private,99.3,91.0,4.93,1324.0,4.94,1351.0,4.98,1423.0,4.99,1432.0
273606000000.0,http://www.ebay.com/itm/Apple-iPhone-XS-64GB-256GB-512GB-Space-Gray-Silver-/273605969330?var=573028379559,itsworthmore,3000,Used,0.0,itsworthmore,YellowShooting,24938.0,False,Commercial,99.9,133.0,4.92,6442.0,4.94,6531.0,4.98,6805.0,4.99,6878.0
153437000000.0,http://www.ebay.com/itm/Apple-iPhone-Ten-XS-64GB-256GB-512GB-Verizon-Unlocked-All-Colors-/153436629036?var=453380667777,wikiwoo,3000,Used,0.0,wikiwoo,YellowShooting,18648.0,False,Commercial,99.4,159.0,4.93,6343.0,4.95,6412.0,4.98,6800.0,4.96,6732.0
232417000000.0,http://www.ebay.com/itm/Apple-iPhone-7-Plus-a1784-32GB-GSM-Unlocked-Very-Good-/232416609551?var=0,mywitoutlet,2500,Seller refurbished,0.0,mywitoutlet,YellowShooting,23499.0,False,Commercial,96.8,518.0,4.84,4003.0,4.87,4017.0,4.96,4297.0,4.98,4344.0
401482000000.0,http://www.ebay.com/itm/Apple-iPhone-7-Plus-128GB-Factory-Unlocked-4G-LTE-iOS-WiFi-Smartphone-/401481515605?var=671154054044,bidallies,3000,Used,0.0,bidallies,RedShooting,298353.0,False,Commercial,98.7,4001.0,4.86,16701.0,4.92,17363.0,4.96,17911.0,4.99,18133.0
152984000000.0,http://www.ebay.com/itm/NEW-Apple-iPhone-7-PLUS-A1784-Factory-GSM-Unlocked-All-Colors-Capacity-/152984058458?var=452782162744,om-wireless,1000,New,0.0,om-wireless,TurquoiseShooting,26345.0,False,Commercial,99.5,204.0,4.91,4852.0,4.94,4989.0,4.98,5154.0,4.99,5182.0
331843000000.0,http://www.ebay.com/itm/NEW-OTHER-Apple-iPhone-8-Plus-64GB-256GB-AT-T-All-Colors-A1897-/331842542096?var=0,adopt-a-phone,1500,Open box,0.0,adopt-a-phone,Green,7631.0,False,Commercial,99.7,37.0,4.9,1486.0,4.92,1494.0,4.98,1560.0,5.0,1576.0
163619000000.0,http://www.ebay.com/itm/NEW-Apple-iPhone-8-Plus-A1897-Factory-Unlocked-All-Colors-Capacity-/163619011037?var=463046199447,om-wireless,1000,New,0.0,om-wireless,TurquoiseShooting,26345.0,False,Commercial,99.5,204.0,4.91,4852.0,4.94,4989.0,4.98,5154.0,4.99,5182.0
293044000000.0,http://www.ebay.com/itm/Apple-iPhone-8-Plus-64GB-Space-Gray-Sprint-A1864-CDMA-GSM-/293043938291,jaystax38,1500,Open box,0.0,jaystax38,Blue,79.0,False,Private,100.0,0.0,4.91,12.0,4.92,12.0,4.98,12.0,5.0,12.0
323774000000.0,http://www.ebay.com/itm/Good-Apple-iPhone-8-Plus-64GB-Gray-Silver-Gold-SPRINT-/323773713860?var=512765411076,a.electronics,3000,Used,0.0,a.electronics,Green,8089.0,False,Private,99.1,36.0,4.92,416.0,4.91,420.0,4.97,429.0,5.0,431.0
152711000000.0,http://www.ebay.com/itm/Apple-iPhone-8-PLUS-64GB-RED-All-Colors-GSM-CDMA-Unlocked-Brand-New-/152711279380?var=0,alldayzip,1000,New,0.0,alldayzip,YellowShooting,23255.0,False,Commercial,100.0,10.0,4.98,7209.0,4.95,7441.0,4.96,7621.0,4.99,7711.0
273800000000.0,http://www.ebay.com/itm/Apple-iPhone-8-Plus-64GB-256GB-Smartphone-Unlocked-AT-T-Verizon-T-Mobile-/273799979528?var=573482896197,northamericanmobile,1500,Open box,0.0,northamericanmobile,Green,9723.0,False,Private,98.4,112.0,4.86,2551.0,4.9,2562.0,4.96,2698.0,5.0,2743.0
283447000000.0,http://www.ebay.com/itm/Apple-iPhone-8-Plus-64GB-Space-Gray-Unlocked-A1897-GSM-/283447299703,tous97,1500,Open box,0.0,tous97,Purple,553.0,False,Private,100.0,1.0,4.96,147.0,4.93,151.0,4.98,154.0,4.97,154.0
332926000000.0,http://www.ebay.com/itm/Apple-iPhone-8-Plus-a1897-64GB-GSM-Unlocked-Very-Good-/332925733689?var=542022301835,mywitoutlet,2500,Seller refurbished,0.0,mywitoutlet,YellowShooting,23499.0,False,Commercial,96.8,518.0,4.84,4003.0,4.87,4017.0,4.96,4297.0,4.98,4344.0
323769000000.0,http://www.ebay.com/itm/Apple-iPhone-8-Plus-64GB-Factory-Unlocked-Smartphone-/323768855145?var=512760529689,dalcell,1000,New,0.0,dalcell,Turquoise,411.0,False,Undefined,99.0,3.0,4.83,277.0,4.91,277.0,4.99,287.0,4.97,288.0
264256000000.0,http://www.ebay.com/itm/Apple-iPhone-8-Plus-8-64GB-256GB-Factory-Unlocked-iOS-WiFi-Mobile-Smartphone-/264255617183?var=0,v.global,1000,New,0.0,v.global,Purple,873.0,False,Commercial,98.4,21.0,4.79,227.0,4.71,224.0,4.76,237.0,5.0,242.0
223476000000.0,http://www.ebay.com/itm/Apple-iPhone-8-Plus-64GB-CDMA-GSM-UNLOCKED-AT-T-VERIZON-TMOBILE-SPRINT-/223475727744?var=0,mac.forever,1500,Open box,0.0,mac.forever,Red,2075.0,False,Commercial,99.5,4.0,4.91,367.0,4.96,359.0,4.98,380.0,5.0,381.0
253479000000.0,http://www.ebay.com/itm/Apple-iPhone-8-Plus-64GB-GSM-Unlocked-Smartphone-/253478667538?var=552661335204,cellfeee,2500,Seller refurbished,0.0,cellfeee,TurquoiseShooting,37684.0,False,Commercial,97.9,1015.0,4.86,8910.0,4.95,9521.0,4.98,9633.0,4.99,9737.0
292632000000.0,http://www.ebay.com/itm/Apple-iPhone-6s-Plus-Smartphone-16GB-32GB-64GB-128GB-Factory-Unlocked-4G-LTE-iOS-/292631538718?var=0,supplytronics,2500,Seller refurbished,0.0,supplytronics,TurquoiseShooting,39119.0,False,Commercial,98.4,645.0,4.81,12482.0,4.92,12634.0,4.98,13162.0,5.0,13257.0
264230000000.0,http://www.ebay.com/itm/Apple-iPhone-6s-Plus-64GB-Unlocked-Excellent-/264230225526?var=0,smarter.phone,2000,Manufacturer refurbished,0.0,smarter.phone,Green,9223.0,False,Commercial,96.5,319.0,4.82,2156.0,4.84,2197.0,4.94,2300.0,4.99,2319.0
252428000000.0,http://www.ebay.com/itm/Apple-iPhone-6S-Plus-16GB-Unlocked-GSM-iOS-Smartphone-/252427816070?var=0,cellfeee,2500,Seller refurbished,0.0,cellfeee,TurquoiseShooting,37684.0,False,Commercial,97.9,1015.0,4.86,8910.0,4.95,9521.0,4.98,9633.0,4.99,9737.0
331842000000.0,http://www.ebay.com/itm/Apple-iPhone-6s-Plus-a1687-64GB-LTE-CDMA-GSM-Unlocked-Very-Good-/331842223634?var=540923209439,mywitoutlet,2500,Seller refurbished,0.0,mywitoutlet,YellowShooting,23499.0,False,Commercial,96.8,518.0,4.84,4003.0,4.87,4017.0,4.96,4297.0,4.98,4344.0
282100000000.0,http://www.ebay.com/itm/Apple-iPhone-6S-Plus-16GB-32GB-64GB-128GB-Unlocked-Verizon-AT-T-Sprint-/282100249169?var=0,iphones.tested.trusted,3000,Used,0.0,iphones.tested.trusted,Green,9930.0,False,Private,99.7,18.0,4.91,2876.0,4.94,2863.0,4.97,2985.0,4.99,3015.0
222543000000.0,http://www.ebay.com/itm/Apple-iPhone-6S-PLUS-16GB-32GB-64GB-128GB-UNLOCKED-Rose-Gold-Silver-Gray-NEW-/222542987142?var=0,santamonicawireless,1000,New,0.0,santamonicawireless,YellowShooting,17007.0,False,Commercial,99.5,75.0,4.91,2770.0,4.94,2867.0,4.96,2938.0,4.99,2972.0
113715000000.0,http://www.ebay.com/itm/Apple-iPhone-6s-Plus-A1687-16GB-Space-Gray-T-mobile-EZ0203A4-/113715312641,libertymobile,3000,Used,0.0,libertymobile,Red,3123.0,False,Commercial,97.7,38.0,4.79,702.0,4.89,718.0,4.98,741.0,4.98,740.0
152012000000.0,http://www.ebay.com/itm/Apple-iPhone-6s-Plus-a1687-64GB-LTE-CDMA-GSM-Unlocked-Excellent-/152011917855?var=0,mywit,2000,Manufacturer refurbished,0.0,mywit,PurpleShooting,74304.0,False,Commercial,97.6,814.0,4.85,6332.0,4.88,6296.0,4.97,6758.0,4.98,6798.0
231924000000.0,http://www.ebay.com/itm/Apple-iPhone-6s-Plus-a1687-64GB-GSM-Unlocked-Very-Good-/231924243212?var=531140886796,mywitoutlet,2500,Seller refurbished,0.0,mywitoutlet,YellowShooting,23499.0,False,Commercial,96.8,518.0,4.84,4003.0,4.87,4017.0,4.96,4297.0,4.98,4344.0
231927000000.0,http://www.ebay.com/itm/Apple-iPhone-6s-Plus-a1687-16GB-GSM-Unlocked-Very-Good-/231926502183?var=531142367624,mywitoutlet,2500,Seller refurbished,0.0,mywitoutlet,YellowShooting,23499.0,False,Commercial,96.8,518.0,4.84,4003.0,4.87,4017.0,4.96,4297.0,4.98,4344.0
264229000000.0,http://www.ebay.com/itm/Apple-iPhone-6s-Plus-16GB-Unlocked-Excellent-/264229007232?var=0,smarter.phone,2000,Manufacturer refurbished,0.0,smarter.phone,Green,9223.0,False,Commercial,96.5,319.0,4.82,2156.0,4.84,2197.0,4.94,2300.0,4.99,2319.0
292194000000.0,http://www.ebay.com/itm/Apple-iPhone-6s-Plus-32GB-Smartphone-AT-T-T-Mobile-Verizon-GSM-Unlocked-Sprint-/292194051935?var=0,supplytronics,2500,Seller refurbished,0.0,supplytronics,TurquoiseShooting,39119.0,False,Commercial,98.4,645.0,4.81,12482.0,4.92,12634.0,4.98,13162.0,5.0,13257.0
132149000000.0,http://www.ebay.com/itm/Apple-iPhone-6S-Plus-16GB-Factory-GSM-Unlocked-Gold-Silver-Gray-Rose-Gold-/132148970232?var=0,tekreplay,2500,Seller refurbished,0.0,tekreplay,PurpleShooting,81652.0,False,Commercial,99.0,823.0,4.86,10890.0,4.92,10959.0,4.98,11512.0,4.99,11591.0
233194000000.0,http://www.ebay.com/itm/Apple-iPhone-6s-Plus-16GB-Rose-Gold-CDMA-GSM-/233194467651,jimwink,3000,Used,0.0,jimwink,Turquoise,388.0,False,Undefined,98.9,1.0,4.64,28.0,4.89,28.0,5.0,29.0,5.0,29.0
113061000000.0,http://www.ebay.com/itm/ple-iPhone-6S-Plus-16GB-64GB-128GB-Factory-GSM-Unlocked-AT-T-T-Mobile-/113060578158?var=413410571103,emb-phones,3000,Used,0.0,emb-phones,PurpleShooting,75720.0,False,Commercial,99.9,427.0,4.85,16407.0,4.92,16488.0,4.96,17369.0,4.99,17594.0
323665000000.0,http://www.ebay.com/itm/New-Unlocked-Apple-iPhone-6S-Plus-16GB-128GB-GSM-Smartphone-/323665083464?var=0,phone_cellar,1500,Open box,0.0,phone_cellar,RedShooting,114912.0,False,Commercial,99.2,912.0,4.84,4240.0,4.92,4355.0,4.96,4463.0,4.99,4502.0
264164000000.0,http://www.ebay.com/itm/Apple-iPhone-6s-Plus-128GB-Space-Gray-LTE-CDMA-GSM-Unlocked-Excellent-/264164142476,smarter.phone,2000,Manufacturer refurbished,0.0,smarter.phone,Green,9223.0,False,Commercial,96.5,319.0,4.82,2156.0,4.84,2197.0,4.94,2300.0,4.99,2319.0
292773000000.0,http://www.ebay.com/itm/Apple-iPhone-6S-Plus-16GB-32GB-64GB-128GB-Gray-Silver-Gold-Rose-Gold-/292773063080?var=591557310905,itsworthmore,3000,Used,0.0,itsworthmore,YellowShooting,24938.0,False,Commercial,99.9,133.0,4.92,6442.0,4.94,6531.0,4.98,6805.0,4.99,6878.0
192522000000.0,http://www.ebay.com/itm/Apple-iPhone-6s-Plus-AT-T-T-Mobile-Unlocked-metroPCS-Cricket-16GB-64GB-128GB-/192521812186?var=0,jemjem_certified,2500,Seller refurbished,0.0,jemjem_certified,Green,7656.0,False,Commercial,97.8,156.0,4.83,5722.0,4.89,5784.0,4.95,6103.0,4.99,6210.0
273803000000.0,http://www.ebay.com/itm/Apple-iPhone-6s-Plus-64GB-Rose-Gold-Unlocked-Excellent-condition-/273802709390,bigbooksbox,3000,Used,1.0,bigbooksbox,Yellow,41.0,False,Private,97.1,1.0,4.65,23.0,4.86,22.0,4.96,23.0,4.87,23.0
123707000000.0,http://www.ebay.com/itm/Apple-iPhone-6s-Plus-16GB-32GB-64GB-128GB-Factory-GSM-Unlocked-Smartphone-LTE-/123707111576?var=0,electrowireless212,2500,Seller refurbished,0.0,electrowireless212,YellowShooting,16773.0,False,Commercial,99.0,115.0,4.93,523.0,4.93,525.0,5.0,574.0,5.0,575.0
264275000000.0,http://www.ebay.com/itm/New-Apple-iPhone-6S-Plus-16GB-64GB-128GB-GSM-Unlocked-ATT-Tmobile-Smartphone-/264274752102?var=563850217855,price2low1,1000,New,0.0,price2low1,YellowShooting,22750.0,False,Commercial,90.6,1346.0,4.55,2289.0,4.58,2293.0,4.88,2440.0,4.96,2477.0
273770000000.0,http://www.ebay.com/itm/Apple-iPhone-6s-Plus-Unlocked-4G-CDMA-GSM-T-mobile-ATT-Verizon-16-64-128GB-NEW-/273769661368?var=0,x-man0802,1000,New,0.0,x-man0802,YellowShooting,24183.0,False,Commercial,97.8,262.0,4.84,1198.0,4.87,1193.0,4.82,1212.0,5.0,1258.0
162157000000.0,http://www.ebay.com/itm/NEW-Apple-iPhone-6S-PLUS-A1634-Factory-Unlocked-All-Colors-Capacity-/162156857200?var=461129968718,om-wireless,1000,New,0.0,om-wireless,TurquoiseShooting,26345.0,False,Commercial,99.5,204.0,4.91,4852.0,4.94,4989.0,4.98,5154.0,4.99,5182.0
172901000000.0,http://www.ebay.com/itm/Apple-iPhone-6s-Plus-16GB-32GB-64GB-128Gb-Factory-Unlocked-AT-T-Verizon-Sprint-/172900652413?var=471672512323,decluttr_store,2500,Seller refurbished,0.0,decluttr_store,SilverShooting,1942395.0,False,Commercial,99.0,14965.0,4.91,462248.0,4.96,486493.0,4.97,488209.0,4.99,492300.0
183762000000.0,http://www.ebay.com/itm/Apple-iPhone-6s-Plus-16GB-32GB-64GB-128gb-Unlocked-Choose-Your-Color-/183761658353?var=691362147682,wikiwoo,3000,Used,0.0,wikiwoo,YellowShooting,18648.0,False,Commercial,99.4,159.0,4.93,6343.0,4.95,6412.0,4.98,6800.0,4.96,6732.0
264235000000.0,http://www.ebay.com/itm/Apple-iPhone-6s-16GB-Unlocked-Excellent-/264235151890?var=0,smarter.phone,2000,Manufacturer refurbished,0.0,smarter.phone,Green,9223.0,False,Commercial,96.5,319.0,4.82,2156.0,4.84,2197.0,4.94,2300.0,4.99,2319.0
382716000000.0,http://www.ebay.com/itm/Apple-iPhone-6s-16GB-32GB-64GB-128GB-Unlocked-AT-T-Verizon-T-Mobile-Sprint-/382716323249?var=651450984658,decluttr_store,2500,Seller refurbished,0.0,decluttr_store,SilverShooting,1942395.0,False,Commercial,99.0,14965.0,4.91,462248.0,4.96,486493.0,4.97,488209.0,4.99,492300.0
173639000000.0,http://www.ebay.com/itm/Apple-iPhone-6s-16GB-64GB-128GB-Verizon-Unlocked-ATT-TMobile-Sprint-/173638532832?var=472315499512,tigerphones,2500,Seller refurbished,0.0,tigerphones,YellowShooting,11876.0,False,Commercial,99.4,71.0,4.92,2253.0,4.94,2267.0,4.97,2372.0,4.98,2386.0
183770000000.0,http://www.ebay.com/itm/NEW-OTHER-Apple-iPhone-XS-Max-64GB-Space-Gray-T-Mobile-A1921-CDMA-GSM-/183769996564,henchman003,1500,Open box,0.0,henchman003,Purple,563.0,False,Undefined,97.8,4.0,4.9,175.0,4.91,172.0,4.82,177.0,4.75,174.0
192850000000.0,http://www.ebay.com/itm/New-Apple-iPhone-XS-Max-64-256-512GB-Space-Gray-Silver-Gold-GSM-Unlocked-/192849824675?var=492983417230,dan2friend,1500,Open box,0.0,dan2friend,YellowShooting,19429.0,False,Private,100.0,4.0,4.97,4966.0,4.98,5012.0,4.99,5232.0,5.0,5295.0
132999000000.0,http://www.ebay.com/itm/Apple-iPhone-XS-Max-64GB-256GB-Sprint-New-Space-Gray-Silver-Gold-/132999228640?var=432306098511,shopcelldeals,1000,New,0.0,shopcelldeals,RedShooting,230978.0,False,Private,99.2,946.0,4.92,3719.0,4.96,3919.0,4.99,4019.0,5.0,4044.0
254034000000.0,http://www.ebay.com/itm/Apple-iPhone-XS-Max-256GB-A1921-Factory-Unlocked-Space-Gray-Excellent-/254034021705,gsmsupplier,3000,Used,0.0,gsmsupplier,TurquoiseShooting,31453.0,False,Commercial,99.3,234.0,4.92,6293.0,4.96,6554.0,4.97,6642.0,4.99,6737.0
133020000000.0,http://www.ebay.com/itm/Apple-iPhone-XS-Max-512GB-Space-Gray-Unlocked-A1921-CDMA-GSM-/133019534148,americanwarehouse2014,1500,Open box,0.0,americanwarehouse2014,Purple,851.0,False,Commercial,97.1,5.0,4.58,106.0,4.68,110.0,4.85,109.0,4.89,108.0
163267000000.0,http://www.ebay.com/itm/Apple-iPhone-XS-MAX-64GB-All-Colors-GSM-CDMA-Unlocked-/163267153634?var=0,alldayzip,1000,New,0.0,alldayzip,YellowShooting,23255.0,False,Commercial,100.0,10.0,4.98,7209.0,4.95,7441.0,4.96,7621.0,4.99,7711.0
123731000000.0,http://www.ebay.com/itm/Apple-iPhone-XS-Max-64GB-Gold-Verizon-A1921-CDMA-GSM-BRAND-NEW-/123730864691,bearfox23,1000,New,0.0,bearfox23,Turquoise,386.0,False,Undefined,93.3,3.0,4.67,12.0,4.58,12.0,4.42,12.0,5.0,12.0
264272000000.0,http://www.ebay.com/itm/Apple-iPhone-XS-Max-64GB-Gold-Metro-A1921-CDMA-GSM-/264271985218,galejandro347,1000,New,0.0,galejandro347,Turquoise,107.0,False,Commercial,100.0,0.0,5.0,21.0,4.9,21.0,5.0,21.0,5.0,21.0
323773000000.0,http://www.ebay.com/itm/Apple-iPhone-XS-Max-256GB-Space-Gray-Unlocked-A1921-CDMA-GSM-Sealed-/323773382471,shipmda07,1000,New,0.0,shipmda07,Turquoise,423.0,False,Private,97.3,8.0,4.79,56.0,4.83,58.0,4.97,59.0,4.71,56.0
233195000000.0,http://www.ebay.com/itm/Apple-iPhone-XS-Max-512GB-Gold-Unlocked-A1921-CDMA-GSM-ATT-TMOBILE-METRO-WORLD-/233194739170,dntechmiami,1500,Open box,0.0,dntechmiami,Red,1905.0,False,Private,100.0,11.0,4.98,47.0,5.0,46.0,5.0,49.0,5.0,51.0
173870000000.0,http://www.ebay.com/itm/Mint-Apple-iPhone-XS-Max-256GB-Silver-Verizon-Factory-Unlocked-GSM-CDMA-/173869563178,sna320,3000,Used,0.0,sna320,Turquoise,196.0,False,Private,100.0,1.0,4.91,12.0,4.92,12.0,4.98,12.0,5.0,12.0
173869000000.0,http://www.ebay.com/itm/New-Apple-iPhone-XS-Max-64GB-Black-GSM-Factory-Unlocked-Verizon-A1921-/173869076473,travelandwork,1500,Open box,0.0,travelandwork,Red,2589.0,False,Private,100.0,10.0,4.93,91.0,5.0,90.0,4.93,92.0,5.0,93.0
292866000000.0,http://www.ebay.com/itm/Apple-iPhone-XS-Max-64GB-256GB-512GB-Space-Gray-Silver-/292866483703?var=591638191618,itsworthmore,3000,Used,0.0,itsworthmore,YellowShooting,24938.0,False,Commercial,99.9,133.0,4.92,6442.0,4.94,6531.0,4.98,6805.0,4.99,6878.0
163592000000.0,http://www.ebay.com/itm/Google-Pixel-3-Fully-Unlocked-64gb-Smartphone-All-Colors-/163591561212?var=0,vombotsupply,3000,Open box,1.0,vombotsupply,Red,2545.0,False,Commercial,99.3,17.0,4.89,2434.0,4.93,2443.0,4.98,2570.0,4.99,2588.0
222914000000.0,http://www.ebay.com/itm/Huawei-P20-Lite-ANE-LX3-Dual-Sim-FACTORY-UNLOCKED-5-8-4GB-RAM-Black-Blue-Pink-/222913691493?var=0,never-msrp,1000,new,1.0,never-msrp,PurpleShooting,97718.0,False,Commercial,99.4,258.0,4.92,13809.0,4.85,13968.0,4.96,14494.0,4.93,14421.0
223205000000.0,http://www.ebay.com/itm/Huawei-Mate-20-Pro-LYA-L29-128GB-FACTORY-UNLOCKED-6-39-Black-Green-Twilight-/223205238782?var=0,never-msrp,1000,new,1.0,never-msrp,PurpleShooting,97718.0,False,Commercial,99.4,258.0,4.92,13809.0,4.85,13968.0,4.96,14494.0,4.93,14421.0
264052000000.0,http://www.ebay.com/itm/5-8-Samsung-Galaxy-S8-G950U-64GB-Verizon-GSM-T-Mobile-Unlocked-Smartphone-/264051858375?var=0,eomsales,1000,new,1.0,eomsales,Red,2762.0,False,Commercial,96.1,118.0,4.73,1349.0,4.81,1338.0,4.94,1416.0,5.0,1434.0
323713000000.0,http://www.ebay.com/itm/NEW-Samsung-Galaxy-S10-Plus-SM-G975F-DS-6-4-8GB-128GB-LTE-Dual-SIM-UNLOCKED-/323712538940?var=512706320293,qd_us,1000,new,1.0,qd_us,YellowShooting,11109.0,False,Commercial,98.8,60.0,4.91,843.0,4.92,852.0,4.91,865.0,4.94,878.0
252946000000.0,http://www.ebay.com/itm/Apple-iPhone-7-Plus-32GB-GSM-Unlocked-Smartphone-/252945571859?var=551968634493,cellfeee,2500,Seller refurbished,1.0,cellfeee,TurquoiseShooting,37684.0,False,Commercial,97.9,1015.0,4.86,8910.0,4.95,9521.0,4.98,9633.0,4.99,9737.0
192629000000.0,"http://www.ebay.com/itm/NEW-Apple-iPhone-7-PLUS-A1784-Factory-GSM-Unlocked-All-Colors-Capacity-/152984058458?var=0
",om-wireless,1000,new,1.0,om-wireless,TurquoiseShooting,26345.0,False,Commercial,99.5,204.0,4.91,4852.0,4.94,4989.0,4.98,5154.0,4.99,5182.0
254037000000.0,http://www.ebay.com/itm/Apple-iPhone-7-a1778-32GB-GSM-Unlocked-Very-Good-/252816011949?var=551824018856,mywitoutlet,2500,Seller refurbished,1.0,mywitoutlet,YellowShooting,23499.0,False,Commercial,96.8,518.0,4.84,4003.0,4.87,4017.0,4.96,4297.0,4.98,4344.0
