"UserID","FeedbackPrivate","FeedbackRatingStar","FeedbackScore","NewUser","RegistrationDate","RegistrationSite","Status","SellerBusinessType","SellerItemsURL","AboutMeURL","FeedbackDetailsURL","PositiveFeedbackPercent","TopRatedSeller","UniqueNegativeFeedbackCount","UniquePositiveFeedbackCount","RatingDetail_1","Rating_1","RatingCount_1","RatingDetail_2","Rating_2","RatingCount_2","RatingDetail_3","Rating_3","RatingCount_3","RatingDetail_4","Rating_4","RatingCount_4"
"504saintsfan1983","false","Red","4759","false","2008-07-23T01:52:08.000Z","US","Confirmed","Private","http://www.ebay.com/sch/504saintsfan1983/m.html?_nkw=&_armrs=1&_from=&_ipg",,"http://feedback.ebay.com/ws/eBayISAPI.dll?ViewFeedback&userid=504saintsfan1983&ssPageName=STRK:ME:UFS","100.0",,"0","4759","ItemAsDescribed","4.72","18","Communication","5.0","18","ShippingTime","5.0","18","ShippingAndHandlingCharges","4.71","17"
"a.electronics","false","Green","8089","false","2007-01-09T15:20:21.000Z","US","Confirmed","Private","http://www.ebay.com/sch/a.electronics/m.html?_nkw=&_armrs=1&_from=&_ipg","http://members.ebay.com/ws/eBayISAPI.dll?ViewUserPage&userid=a.electronics","http://feedback.ebay.com/ws/eBayISAPI.dll?ViewFeedback&userid=a.electronics&ssPageName=STRK:ME:UFS","99.1","true","36","8125","ItemAsDescribed","4.92","416","Communication","4.91","420","ShippingTime","4.97","429","ShippingAndHandlingCharges","5.0","431"
"adopt-a-phone","false","Green","7631","false","2012-08-26T21:45:14.000Z","US","Confirmed","Commercial","http://www.ebay.com/sch/adopt-a-phone/m.html?_nkw=&_armrs=1&_from=&_ipg",,"http://feedback.ebay.com/ws/eBayISAPI.dll?ViewFeedback&userid=adopt-a-phone&ssPageName=STRK:ME:UFS","99.7","true","37","7668","ItemAsDescribed","4.9","1486","Communication","4.92","1494","ShippingTime","4.98","1560","ShippingAndHandlingCharges","5.0","1576"
"ajskdlf2","false","Turquoise","115","false","2009-01-02T00:10:36.000Z","US","Confirmed","Private","http://www.ebay.com/sch/ajskdlf2/m.html?_nkw=&_armrs=1&_from=&_ipg",,"http://feedback.ebay.com/ws/eBayISAPI.dll?ViewFeedback&userid=ajskdlf2&ssPageName=STRK:ME:UFS","100.0",,"0","115",,,,,,,,,,,,
"alacasa2000","false","Purple","523","false","2015-05-15T01:42:25.000Z","US","Confirmed","Private","http://www.ebay.com/sch/alacasa2000/m.html?_nkw=&_armrs=1&_from=&_ipg",,"http://feedback.ebay.com/ws/eBayISAPI.dll?ViewFeedback&userid=alacasa2000&ssPageName=STRK:ME:UFS","100.0",,"1","524",,,,,,,,,,,,
"alldayzip","false","YellowShooting","23255","false","2011-03-17T23:14:04.000Z","US","Confirmed","Commercial","http://www.ebay.com/sch/alldayzip/m.html?_nkw=&_armrs=1&_from=&_ipg","http://members.ebay.com/ws/eBayISAPI.dll?ViewUserPage&userid=alldayzip","http://feedback.ebay.com/ws/eBayISAPI.dll?ViewFeedback&userid=alldayzip&ssPageName=STRK:ME:UFS","100.0","true","10","23265","ItemAsDescribed","4.98","7209","Communication","4.95","7441","ShippingTime","4.96","7621","ShippingAndHandlingCharges","4.99","7711"
"allthat2015","false","Red","1790","false","2015-04-30T04:13:15.000Z","US","Confirmed","Commercial","http://www.ebay.com/sch/allthat2015/m.html?_nkw=&_armrs=1&_from=&_ipg",,"http://feedback.ebay.com/ws/eBayISAPI.dll?ViewFeedback&userid=allthat2015&ssPageName=STRK:ME:UFS","98.1","true","32","1822","ItemAsDescribed","4.77","576","Communication","4.89","571","ShippingTime","4.97","606","ShippingAndHandlingCharges","4.96","615"
"amazing-wireless","false","PurpleShooting","90073","false","2014-09-24T17:54:12.000Z","US","Confirmed","Commercial","http://www.ebay.com/sch/amazing-wireless/m.html?_nkw=&_armrs=1&_from=&_ipg",,"http://feedback.ebay.com/ws/eBayISAPI.dll?ViewFeedback&userid=amazing-wireless&ssPageName=STRK:ME:UFS","99.9","true","404","90477","ItemAsDescribed","4.93","20100","Communication","4.95","20740","ShippingTime","4.98","21378","ShippingAndHandlingCharges","4.99","21563"
"americanwarehouse2014","false","Purple","851","false","2011-12-11T18:55:17.000Z","US","Confirmed","Commercial","http://www.ebay.com/sch/americanwarehouse2014/m.html?_nkw=&_armrs=1&_from=&_ipg",,"http://feedback.ebay.com/ws/eBayISAPI.dll?ViewFeedback&userid=americanwarehouse2014&ssPageName=STRK:ME:UFS","97.1","true","5","856","ItemAsDescribed","4.58","106","Communication","4.68","110","ShippingTime","4.85","109","ShippingAndHandlingCharges","4.89","108"
"ampmcellular","false","YellowShooting","18853","false","2016-05-25T14:44:20.000Z","US","Confirmed","Commercial","http://www.ebay.com/sch/ampmcellular/m.html?_nkw=&_armrs=1&_from=&_ipg",,"http://feedback.ebay.com/ws/eBayISAPI.dll?ViewFeedback&userid=ampmcellular&ssPageName=STRK:ME:UFS","99.5","true","126","18979","ItemAsDescribed","4.9","7608","Communication","4.92","7642","ShippingTime","4.97","8039","ShippingAndHandlingCharges","5.0","8089"
"ansh7228","false","None","0","true","2019-04-04T01:22:10.000Z","US","Confirmed","Private","http://www.ebay.com/sch/ansh7228/m.html?_nkw=&_armrs=1&_from=&_ipg",,"http://feedback.ebay.com/ws/eBayISAPI.dll?ViewFeedback&userid=ansh7228&ssPageName=STRK:ME:UFS","0.0",,"0","0",,,,,,,,,,,,
"antonimalav_0","false","Blue","95","false","2016-04-02T16:39:49.000Z","US","Confirmed","Private","http://www.ebay.com/sch/antonimalav_0/m.html?_nkw=&_armrs=1&_from=&_ipg",,"http://feedback.ebay.com/ws/eBayISAPI.dll?ViewFeedback&userid=antonimalav_0&ssPageName=STRK:ME:UFS","100.0",,"0","95","ItemAsDescribed","5.0","32","Communication","4.84","32","ShippingTime","4.81","32","ShippingAndHandlingCharges","5.0","32"
"apple**1","false","Purple","772","false","2014-06-30T21:04:48.000Z","US","Confirmed","Commercial","http://www.ebay.com/sch/apple**1/m.html?_nkw=&_armrs=1&_from=&_ipg",,"http://feedback.ebay.com/ws/eBayISAPI.dll?ViewFeedback&userid=apple**1&ssPageName=STRK:ME:UFS","99.8","true","3","775","ItemAsDescribed","4.94","320","Communication","4.95","316","ShippingTime","4.98","332","ShippingAndHandlingCharges","4.99","334"
"avacowireless","false","Turquoise","259","false","2018-12-06T23:48:59.000Z","US","Confirmed","Commercial","http://www.ebay.com/sch/avacowireless/m.html?_nkw=&_armrs=1&_from=&_ipg",,"http://feedback.ebay.com/ws/eBayISAPI.dll?ViewFeedback&userid=avacowireless&ssPageName=STRK:ME:UFS","99.2","true","2","261","ItemAsDescribed","4.89","171","Communication","4.9","176","ShippingTime","4.96","180","ShippingAndHandlingCharges","5.0","182"
"bearfox23","false","Turquoise","386","false","2004-10-07T16:10:07.000Z","US","Confirmed","Undefined","http://www.ebay.com/sch/bearfox23/m.html?_nkw=&_armrs=1&_from=&_ipg",,"http://feedback.ebay.com/ws/eBayISAPI.dll?ViewFeedback&userid=bearfox23&ssPageName=STRK:ME:UFS","93.3",,"3","389","ItemAsDescribed","4.67","12","Communication","4.58","12","ShippingTime","4.42","12","ShippingAndHandlingCharges","5.0","12"
"best_deal_today","false","RedShooting","232945","false","2001-03-22T14:19:16.000Z","US","Confirmed","Commercial","http://www.ebay.com/sch/best_deal_today/m.html?_nkw=&_armrs=1&_from=&_ipg","http://members.ebay.com/ws/eBayISAPI.dll?ViewUserPage&userid=best_deal_today","http://feedback.ebay.com/ws/eBayISAPI.dll?ViewFeedback&userid=best_deal_today&ssPageName=STRK:ME:UFS","99.6","true","629","233573","ItemAsDescribed","4.87","14944","Communication","4.92","14965","ShippingTime","4.96","15785","ShippingAndHandlingCharges","4.98","15961"
"bestphone4u_2016","false","YellowShooting","12939","false","2015-06-16T08:33:30.000Z","HongKong","Confirmed","Commercial","http://www.ebay.com/sch/bestphone4u_2016/m.html?_nkw=&_armrs=1&_from=&_ipg",,"http://feedback.ebay.com/ws/eBayISAPI.dll?ViewFeedback&userid=bestphone4u_2016&ssPageName=STRK:ME:UFS","99.5",,"522","13462","ItemAsDescribed","4.97","2295","Communication","4.97","2297","ShippingTime","4.92","1370","ShippingAndHandlingCharges","5.0","1320"
"bidallies","false","RedShooting","298353","false","2005-12-01T18:27:36.000Z","US","Confirmed","Commercial","http://www.ebay.com/sch/bidallies/m.html?_nkw=&_armrs=1&_from=&_ipg",,"http://feedback.ebay.com/ws/eBayISAPI.dll?ViewFeedback&userid=bidallies&ssPageName=STRK:ME:UFS","98.7","true","4001","302319","ItemAsDescribed","4.86","16701","Communication","4.92","17363","ShippingTime","4.96","17911","ShippingAndHandlingCharges","4.99","18133"
"bigbooksbox","false","Yellow","41","false","2017-04-06T14:03:36.000Z","US","Confirmed","Private","http://www.ebay.com/sch/bigbooksbox/m.html?_nkw=&_armrs=1&_from=&_ipg",,"http://feedback.ebay.com/ws/eBayISAPI.dll?ViewFeedback&userid=bigbooksbox&ssPageName=STRK:ME:UFS","97.1",,"1","42","ItemAsDescribed","4.65","23","Communication","4.86","22","ShippingTime","4.96","23","ShippingAndHandlingCharges","4.87","23"
"brandosho6","false","None","6","false","2017-12-23T22:27:40.000Z","US","Confirmed","Private","http://www.ebay.com/sch/brandosho6/m.html?_nkw=&_armrs=1&_from=&_ipg",,"http://feedback.ebay.com/ws/eBayISAPI.dll?ViewFeedback&userid=brandosho6&ssPageName=STRK:ME:UFS","100.0",,"0","6",,,,,,,,,,,,
"breedproducts","false","RedShooting","148412","false","2007-02-25T22:13:25.000Z","US","Confirmed","Commercial","http://www.ebay.com/sch/breedproducts/m.html?_nkw=&_armrs=1&_from=&_ipg",,"http://feedback.ebay.com/ws/eBayISAPI.dll?ViewFeedback&userid=breedproducts&ssPageName=STRK:ME:UFS","97.4","true","1906","150316","ItemAsDescribed","4.83","2970","Communication","4.91","3150","ShippingTime","4.99","3177","ShippingAndHandlingCharges","4.97","3193"
"britlee_20","false","None","0","false","2018-04-20T11:58:44.000Z","US","Confirmed","Private","http://www.ebay.com/sch/britlee_20/m.html?_nkw=&_armrs=1&_from=&_ipg",,"http://feedback.ebay.com/ws/eBayISAPI.dll?ViewFeedback&userid=britlee_20&ssPageName=STRK:ME:UFS","0.0",,"0","0",,,,,,,,,,,,
"buyspry","false","RedShooting","170935","false","2006-05-10T21:08:52.000Z","US","Confirmed","Commercial","http://www.ebay.com/sch/buyspry/m.html?_nkw=&_armrs=1&_from=&_ipg","http://members.ebay.com/ws/eBayISAPI.dll?ViewUserPage&userid=buyspry","http://feedback.ebay.com/ws/eBayISAPI.dll?ViewFeedback&userid=buyspry&ssPageName=STRK:ME:UFS","99.0","true","1568","172500","ItemAsDescribed","4.84","15270","Communication","4.94","16132","ShippingTime","4.96","16187","ShippingAndHandlingCharges","4.96","16292"
"calmobility","false","Yellow","18","false","2007-01-15T23:26:54.000Z","Canada","Confirmed","Private","http://www.ebay.com/sch/calmobility/m.html?_nkw=&_armrs=1&_from=&_ipg",,"http://feedback.ebay.com/ws/eBayISAPI.dll?ViewFeedback&userid=calmobility&ssPageName=STRK:ME:UFS","100.0",,"0","18","ItemAsDescribed","4.67","12","Communication","5.0","12","ShippingTime","4.5","12","ShippingAndHandlingCharges","4.5","12"
"cell-force","false","RedShooting","132544","false","2001-12-06T09:05:48.000Z","US","Confirmed","Commercial","http://www.ebay.com/sch/cell-force/m.html?_nkw=&_armrs=1&_from=&_ipg",,"http://feedback.ebay.com/ws/eBayISAPI.dll?ViewFeedback&userid=cell-force&ssPageName=STRK:ME:UFS","98.6","true","1269","133811","ItemAsDescribed","4.9","3715","Communication","4.92","3772","ShippingTime","4.97","3909","ShippingAndHandlingCharges","4.99","3951"
"cell-traders","false","Red","3506","false","2008-03-30T00:51:40.000Z","US","Confirmed","Commercial","http://www.ebay.com/sch/cell-traders/m.html?_nkw=&_armrs=1&_from=&_ipg",,"http://feedback.ebay.com/ws/eBayISAPI.dll?ViewFeedback&userid=cell-traders&ssPageName=STRK:ME:UFS","97.9","true","77","3583","ItemAsDescribed","4.8","1026","Communication","4.88","1049","ShippingTime","4.96","1077","ShippingAndHandlingCharges","4.96","1092"
"cellfeee","false","TurquoiseShooting","37673","false","2015-05-07T15:57:50.000Z","US","Confirmed","Commercial","http://www.ebay.com/sch/cellfeee/m.html?_nkw=&_armrs=1&_from=&_ipg",,"http://feedback.ebay.com/ws/eBayISAPI.dll?ViewFeedback&userid=cellfeee&ssPageName=STRK:ME:UFS","97.9","true","1015","38683","ItemAsDescribed","4.86","8900","Communication","4.95","9510","ShippingTime","4.98","9623","ShippingAndHandlingCharges","4.99","9726"
"cellmall","false","Green","8770","false","2004-07-21T18:36:50.000Z","US","Confirmed","Commercial","http://www.ebay.com/sch/cellmall/m.html?_nkw=&_armrs=1&_from=&_ipg","http://members.ebay.com/ws/eBayISAPI.dll?ViewUserPage&userid=cellmall","http://feedback.ebay.com/ws/eBayISAPI.dll?ViewFeedback&userid=cellmall&ssPageName=STRK:ME:UFS","99.3","true","32","8802","ItemAsDescribed","4.9","261","Communication","4.85","260","ShippingTime","4.92","273","ShippingAndHandlingCharges","4.96","274"
"cellstoreusa","false","TurquoiseShooting","32960","false","2006-11-14T08:01:27.000Z","US","Confirmed","Commercial","http://www.ebay.com/sch/cellstoreusa/m.html?_nkw=&_armrs=1&_from=&_ipg",,"http://feedback.ebay.com/ws/eBayISAPI.dll?ViewFeedback&userid=cellstoreusa&ssPageName=STRK:ME:UFS","98.9","true","124","33084","ItemAsDescribed","4.87","731","Communication","4.94","745","ShippingTime","4.96","772","ShippingAndHandlingCharges","4.96","778"
"celltra89","false","Blue","75","false","2018-12-17T18:50:01.000Z","US","Confirmed","Commercial","http://www.ebay.com/sch/celltra89/m.html?_nkw=&_armrs=1&_from=&_ipg",,"http://feedback.ebay.com/ws/eBayISAPI.dll?ViewFeedback&userid=celltra89&ssPageName=STRK:ME:UFS","100.0",,"0","75","ItemAsDescribed","4.9","71","Communication","4.94","67","ShippingTime","4.94","71","ShippingAndHandlingCharges","5.0","72"
"chinabookcenter","false","Red","1084","false","2006-12-29T00:06:24.000Z","US","Confirmed","Commercial","http://www.ebay.com/sch/chinabookcenter/m.html?_nkw=&_armrs=1&_from=&_ipg",,"http://feedback.ebay.com/ws/eBayISAPI.dll?ViewFeedback&userid=chinabookcenter&ssPageName=STRK:ME:UFS","100.0","true","3","1087","ItemAsDescribed","5.0","45","Communication","5.0","45","ShippingTime","5.0","45","ShippingAndHandlingCharges","5.0","45"
"clarderr_ex6wpow","false","Turquoise","100","false","2014-12-08T02:31:02.000Z","US","Confirmed","Private","http://www.ebay.com/sch/clarderr_ex6wpow/m.html?_nkw=&_armrs=1&_from=&_ipg",,"http://feedback.ebay.com/ws/eBayISAPI.dll?ViewFeedback&userid=clarderr_ex6wpow&ssPageName=STRK:ME:UFS","100.0",,"0","100","ItemAsDescribed","5.0","12","Communication","5.0","12","ShippingTime","4.75","12","ShippingAndHandlingCharges","5.0","12"
"codre-6651","false","None","0","true","2019-04-10T20:20:08.000Z","US","Confirmed","Private","http://www.ebay.com/sch/codre-6651/m.html?_nkw=&_armrs=1&_from=&_ipg",,"http://feedback.ebay.com/ws/eBayISAPI.dll?ViewFeedback&userid=codre-6651&ssPageName=STRK:ME:UFS","0.0",,"0","0",,,,,,,,,,,,
"concept_electronics","false","PurpleShooting","65792","false","2008-06-20T15:06:22.000Z","US","Confirmed","Commercial","http://www.ebay.com/sch/concept_electronics/m.html?_nkw=&_armrs=1&_from=&_ipg","http://members.ebay.com/ws/eBayISAPI.dll?ViewUserPage&userid=concept_electronics","http://feedback.ebay.com/ws/eBayISAPI.dll?ViewFeedback&userid=concept_electronics&ssPageName=STRK:ME:UFS","99.9","true","214","66005","ItemAsDescribed","4.88","4692","Communication","4.94","4742","ShippingTime","4.98","4965","ShippingAndHandlingCharges","4.99","5008"
"cph2020","false","PurpleShooting","57637","false","2012-03-13T18:49:40.000Z","US","Confirmed","Commercial","http://www.ebay.com/sch/cph2020/m.html?_nkw=&_armrs=1&_from=&_ipg",,"http://feedback.ebay.com/ws/eBayISAPI.dll?ViewFeedback&userid=cph2020&ssPageName=STRK:ME:UFS","99.7","true","366","58002","ItemAsDescribed","4.89","7743","Communication","4.94","7832","ShippingTime","4.99","8290","ShippingAndHandlingCharges","4.99","8345"
"dalcell","false","Turquoise","411","false","2002-05-03T04:55:03.000Z","US","Confirmed","Undefined","http://www.ebay.com/sch/dalcell/m.html?_nkw=&_armrs=1&_from=&_ipg",,"http://feedback.ebay.com/ws/eBayISAPI.dll?ViewFeedback&userid=dalcell&ssPageName=STRK:ME:UFS","99.0","true","3","414","ItemAsDescribed","4.83","277","Communication","4.91","277","ShippingTime","4.99","287","ShippingAndHandlingCharges","4.97","288"
"dan2friend","false","YellowShooting","19429","false","2013-01-03T15:53:32.000Z","US","Confirmed","Private","http://www.ebay.com/sch/dan2friend/m.html?_nkw=&_armrs=1&_from=&_ipg",,"http://feedback.ebay.com/ws/eBayISAPI.dll?ViewFeedback&userid=dan2friend&ssPageName=STRK:ME:UFS","100.0","true","4","19433","ItemAsDescribed","4.97","4966","Communication","4.98","5012","ShippingTime","4.99","5232","ShippingAndHandlingCharges","5.0","5295"
"davidkzp","false","Purple","571","false","2013-12-23T03:12:36.000Z","US","Confirmed","Private","http://www.ebay.com/sch/davidkzp/m.html?_nkw=&_armrs=1&_from=&_ipg",,"http://feedback.ebay.com/ws/eBayISAPI.dll?ViewFeedback&userid=davidkzp&ssPageName=STRK:ME:UFS","100.0",,"1","572",,,,,,,,,,,,
"dealsrus365","false","PurpleShooting","59229","false","2004-12-05T20:34:55.000Z","US","Confirmed","Commercial","http://www.ebay.com/sch/dealsrus365/m.html?_nkw=&_armrs=1&_from=&_ipg",,"http://feedback.ebay.com/ws/eBayISAPI.dll?ViewFeedback&userid=dealsrus365&ssPageName=STRK:ME:UFS","98.1","true","973","60196","ItemAsDescribed","4.8","7991","Communication","4.9","8311","ShippingTime","4.96","8480","ShippingAndHandlingCharges","4.99","8646"
"decluttr_store","false","SilverShooting","1942395","false","2011-08-31T10:41:21.000Z","US","Confirmed","Commercial","http://www.ebay.com/sch/decluttr_store/m.html?_nkw=&_armrs=1&_from=&_ipg",,"http://feedback.ebay.com/ws/eBayISAPI.dll?ViewFeedback&userid=decluttr_store&ssPageName=STRK:ME:UFS","99.0","true","14965","1956426","ItemAsDescribed","4.91","462248","Communication","4.96","486493","ShippingTime","4.97","488209","ShippingAndHandlingCharges","4.99","492300"
"denwashoppu","false","YellowShooting","16264","false","2009-09-03T09:23:51.000Z","HongKong","Confirmed","Commercial","http://www.ebay.com/sch/denwashoppu/m.html?_nkw=&_armrs=1&_from=&_ipg",,"http://feedback.ebay.com/ws/eBayISAPI.dll?ViewFeedback&userid=denwashoppu&ssPageName=STRK:ME:UFS","96.9","true","234","16496","ItemAsDescribed","4.74","86","Communication","4.82","88","ShippingTime","4.73","86","ShippingAndHandlingCharges","4.94","95"
"diamond.wireless","false","Green","6535","false","2007-01-01T23:33:31.000Z","US","Confirmed","Commercial","http://www.ebay.com/sch/diamond.wireless/m.html?_nkw=&_armrs=1&_from=&_ipg",,"http://feedback.ebay.com/ws/eBayISAPI.dll?ViewFeedback&userid=diamond.wireless&ssPageName=STRK:ME:UFS","99.0","true","71","6606","ItemAsDescribed","4.89","1795","Communication","4.95","1876","ShippingTime","4.98","1910","ShippingAndHandlingCharges","4.99","1929"
"djcwholesale","false","Turquoise","234","false","2007-01-08T18:47:54.000Z","US","Confirmed","Private","http://www.ebay.com/sch/djcwholesale/m.html?_nkw=&_armrs=1&_from=&_ipg",,"http://feedback.ebay.com/ws/eBayISAPI.dll?ViewFeedback&userid=djcwholesale&ssPageName=STRK:ME:UFS","100.0",,"0","234","ItemAsDescribed","5.0","30","Communication","5.0","29","ShippingTime","5.0","31","ShippingAndHandlingCharges","5.0","33"
"dntechmiami","false","Red","1905","false","2001-10-10T23:52:37.000Z","US","Confirmed","Private","http://www.ebay.com/sch/dntechmiami/m.html?_nkw=&_armrs=1&_from=&_ipg",,"http://feedback.ebay.com/ws/eBayISAPI.dll?ViewFeedback&userid=dntechmiami&ssPageName=STRK:ME:UFS","100.0",,"11","1916","ItemAsDescribed","4.98","47","Communication","5.0","46","ShippingTime","5.0","49","ShippingAndHandlingCharges","5.0","51"
"ec_store365","false","Red","2497","false","2018-03-22T08:19:21.000Z","HongKong","Confirmed","Commercial","http://www.ebay.com/sch/ec_store365/m.html?_nkw=&_armrs=1&_from=&_ipg",,"http://feedback.ebay.com/ws/eBayISAPI.dll?ViewFeedback&userid=ec_store365&ssPageName=STRK:ME:UFS","98.9",,"27","2524","ItemAsDescribed","4.93","2460","Communication","4.95","2469","ShippingTime","4.92","1540","ShippingAndHandlingCharges","5.0","1417"
"electrowireless212","false","YellowShooting","16773","false","2007-10-09T18:13:01.000Z","US","Confirmed","Commercial","http://www.ebay.com/sch/electrowireless212/m.html?_nkw=&_armrs=1&_from=&_ipg",,"http://feedback.ebay.com/ws/eBayISAPI.dll?ViewFeedback&userid=electrowireless212&ssPageName=STRK:ME:UFS","99.0","true","115","16888","ItemAsDescribed","4.93","523","Communication","4.93","525","ShippingTime","5.0","574","ShippingAndHandlingCharges","5.0","575"
"emb-phones","false","PurpleShooting","75720","false","2013-05-29T04:30:42.000Z","US","Confirmed","Commercial","http://www.ebay.com/sch/emb-phones/m.html?_nkw=&_armrs=1&_from=&_ipg",,"http://feedback.ebay.com/ws/eBayISAPI.dll?ViewFeedback&userid=emb-phones&ssPageName=STRK:ME:UFS","99.9","true","427","76149","ItemAsDescribed","4.85","16407","Communication","4.92","16488","ShippingTime","4.96","17369","ShippingAndHandlingCharges","4.99","17594"
"everythingmustgomart","false","Turquoise","233","false","2006-12-19T00:00:27.000Z","US","Confirmed","Private","http://www.ebay.com/sch/everythingmustgomart/m.html?_nkw=&_armrs=1&_from=&_ipg",,"http://feedback.ebay.com/ws/eBayISAPI.dll?ViewFeedback&userid=everythingmustgomart&ssPageName=STRK:ME:UFS","98.9",,"2","235","ItemAsDescribed","4.91","56","Communication","4.89","55","ShippingTime","4.95","58","ShippingAndHandlingCharges","4.86","58"
"excelic.store","false","Red","1636","false","2018-03-27T03:14:34.000Z","HongKong","Confirmed","Commercial","http://www.ebay.com/sch/excelic.store/m.html?_nkw=&_armrs=1&_from=&_ipg",,"http://feedback.ebay.com/ws/eBayISAPI.dll?ViewFeedback&userid=excelic.store&ssPageName=STRK:ME:UFS","98.1","true","32","1668","ItemAsDescribed","4.89","1663","Communication","4.91","1663","ShippingTime","4.78","1165","ShippingAndHandlingCharges","4.98","1200"
"extremediscountla","false","Green","8223","false","2004-09-30T02:21:00.000Z","US","Confirmed","Private","http://www.ebay.com/sch/extremediscountla/m.html?_nkw=&_armrs=1&_from=&_ipg",,"http://feedback.ebay.com/ws/eBayISAPI.dll?ViewFeedback&userid=extremediscountla&ssPageName=STRK:ME:UFS","99.8","true","16","8239","ItemAsDescribed","4.93","1433","Communication","4.96","1449","ShippingTime","4.99","1541","ShippingAndHandlingCharges","4.99","1553"
"flipcells","false","Turquoise","282","false","2018-08-08T15:58:19.000Z","US","Confirmed","Commercial","http://www.ebay.com/sch/flipcells/m.html?_nkw=&_armrs=1&_from=&_ipg",,"http://feedback.ebay.com/ws/eBayISAPI.dll?ViewFeedback&userid=flipcells&ssPageName=STRK:ME:UFS","99.3","true","2","284","ItemAsDescribed","4.81","185","Communication","4.9","189","ShippingTime","5.0","194","ShippingAndHandlingCharges","4.99","196"
"focuscamera","false","RedShooting","109860","false","2002-02-28T16:09:56.000Z","US","Confirmed","Undefined","http://www.ebay.com/sch/focuscamera/m.html?_nkw=&_armrs=1&_from=&_ipg","http://members.ebay.com/ws/eBayISAPI.dll?ViewUserPage&userid=focuscamera","http://feedback.ebay.com/ws/eBayISAPI.dll?ViewFeedback&userid=focuscamera&ssPageName=STRK:ME:UFS","99.4","true","950","110808","ItemAsDescribed","4.94","14857","Communication","4.97","15752","ShippingTime","4.97","15702","ShippingAndHandlingCharges","5.0","15935"
"galejandro347","false","Turquoise","107","false","2015-02-01T01:36:07.000Z","US","Confirmed","Commercial","http://www.ebay.com/sch/galejandro347/m.html?_nkw=&_armrs=1&_from=&_ipg",,"http://feedback.ebay.com/ws/eBayISAPI.dll?ViewFeedback&userid=galejandro347&ssPageName=STRK:ME:UFS","100.0",,"0","107","ItemAsDescribed","5.0","21","Communication","4.9","21","ShippingTime","5.0","21","ShippingAndHandlingCharges","5.0","21"
"geowirelessllc","false","Red","2573","false","2010-09-16T17:51:05.000Z","US","Confirmed","Commercial","http://www.ebay.com/sch/geowirelessllc/m.html?_nkw=&_armrs=1&_from=&_ipg",,"http://feedback.ebay.com/ws/eBayISAPI.dll?ViewFeedback&userid=geowirelessllc&ssPageName=STRK:ME:UFS","99.6",,"4","2577","ItemAsDescribed","4.94","72","Communication","4.92","73","ShippingTime","5.0","73","ShippingAndHandlingCharges","4.95","73"
"gmdeals_inc","false","Red","3255","false","2016-11-03T20:39:31.000Z","US","Confirmed","Private","http://www.ebay.com/sch/gmdeals_inc/m.html?_nkw=&_armrs=1&_from=&_ipg",,"http://feedback.ebay.com/ws/eBayISAPI.dll?ViewFeedback&userid=gmdeals_inc&ssPageName=STRK:ME:UFS","98.1","true","86","3341","ItemAsDescribed","4.85","1837","Communication","4.87","1849","ShippingTime","4.96","1957","ShippingAndHandlingCharges","4.99","1982"
"gsmsupplier","false","TurquoiseShooting","31453","false","2008-09-08T16:21:26.000Z","US","Confirmed","Commercial","http://www.ebay.com/sch/gsmsupplier/m.html?_nkw=&_armrs=1&_from=&_ipg",,"http://feedback.ebay.com/ws/eBayISAPI.dll?ViewFeedback&userid=gsmsupplier&ssPageName=STRK:ME:UFS","99.3",,"234","31687","ItemAsDescribed","4.92","6293","Communication","4.96","6554","ShippingTime","4.97","6642","ShippingAndHandlingCharges","4.99","6737"
"h.h.wholesale","false","YellowShooting","15553","false","1998-11-10T00:59:51.000Z","US","Confirmed","Private","http://www.ebay.com/sch/h.h.wholesale/m.html?_nkw=&_armrs=1&_from=&_ipg","http://members.ebay.com/ws/eBayISAPI.dll?ViewUserPage&userid=h.h.wholesale","http://feedback.ebay.com/ws/eBayISAPI.dll?ViewFeedback&userid=h.h.wholesale&ssPageName=STRK:ME:UFS","100.0","true","31","15584","ItemAsDescribed","5.0","44","Communication","4.98","45","ShippingTime","5.0","48","ShippingAndHandlingCharges","5.0","48"
"henchman003","false","Purple","563","false","2005-12-22T16:23:08.000Z","US","Confirmed","Undefined","http://www.ebay.com/sch/henchman003/m.html?_nkw=&_armrs=1&_from=&_ipg",,"http://feedback.ebay.com/ws/eBayISAPI.dll?ViewFeedback&userid=henchman003&ssPageName=STRK:ME:UFS","97.8","true","4","567","ItemAsDescribed","4.9","175","Communication","4.91","172","ShippingTime","4.82","177","ShippingAndHandlingCharges","4.75","174"
"hjy2519379","false","Turquoise","130","false","2011-09-04T14:57:25.000Z","US","Confirmed","Private","http://www.ebay.com/sch/hjy2519379/m.html?_nkw=&_armrs=1&_from=&_ipg",,"http://feedback.ebay.com/ws/eBayISAPI.dll?ViewFeedback&userid=hjy2519379&ssPageName=STRK:ME:UFS","97.4",,"1","131",,,,,,,,,,,,
"horizonwirelesstx","false","Red","3919","false","2006-06-13T16:04:11.000Z","US","Confirmed","Commercial","http://www.ebay.com/sch/horizonwirelesstx/m.html?_nkw=&_armrs=1&_from=&_ipg",,"http://feedback.ebay.com/ws/eBayISAPI.dll?ViewFeedback&userid=horizonwirelesstx&ssPageName=STRK:ME:UFS","99.7","true","35","3954","ItemAsDescribed","4.91","832","Communication","4.95","830","ShippingTime","4.97","864","ShippingAndHandlingCharges","5.0","888"
"intellicom1","false","TurquoiseShooting","42230","false","2001-10-31T17:29:08.000Z","US","Confirmed","Commercial","http://www.ebay.com/sch/intellicom1/m.html?_nkw=&_armrs=1&_from=&_ipg",,"http://feedback.ebay.com/ws/eBayISAPI.dll?ViewFeedback&userid=intellicom1&ssPageName=STRK:ME:UFS","100.0","true","170","42400","ItemAsDescribed","4.89","2492","Communication","4.94","2509","ShippingTime","4.98","2613","ShippingAndHandlingCharges","5.0","2639"
"iphones.tested.trusted","false","Green","9930","false","2010-09-24T04:46:14.000Z","US","Confirmed","Private","http://www.ebay.com/sch/iphones.tested.trusted/m.html?_nkw=&_armrs=1&_from=&_ipg",,"http://feedback.ebay.com/ws/eBayISAPI.dll?ViewFeedback&userid=iphones.tested.trusted&ssPageName=STRK:ME:UFS","99.7","true","18","9948","ItemAsDescribed","4.91","2876","Communication","4.94","2863","ShippingTime","4.97","2985","ShippingAndHandlingCharges","4.99","3015"
"itsworthmore","false","YellowShooting","24938","false","2012-06-06T02:43:19.000Z","US","Confirmed","Commercial","http://www.ebay.com/sch/itsworthmore/m.html?_nkw=&_armrs=1&_from=&_ipg",,"http://feedback.ebay.com/ws/eBayISAPI.dll?ViewFeedback&userid=itsworthmore&ssPageName=STRK:ME:UFS","99.9","true","133","25072","ItemAsDescribed","4.92","6442","Communication","4.94","6531","ShippingTime","4.98","6805","ShippingAndHandlingCharges","4.99","6878"
"jashss2014","false","Green","6776","false","2014-05-26T23:05:15.000Z","US","Confirmed","Commercial","http://www.ebay.com/sch/jashss2014/m.html?_nkw=&_armrs=1&_from=&_ipg",,"http://feedback.ebay.com/ws/eBayISAPI.dll?ViewFeedback&userid=jashss2014&ssPageName=STRK:ME:UFS","99.4","true","25","6801","ItemAsDescribed","4.91","2783","Communication","4.95","2752","ShippingTime","4.98","2929","ShippingAndHandlingCharges","5.0","2966"
"jaystax38","false","Blue","79","false","2014-09-13T00:41:06.000Z","US","Confirmed","Private","http://www.ebay.com/sch/jaystax38/m.html?_nkw=&_armrs=1&_from=&_ipg",,"http://feedback.ebay.com/ws/eBayISAPI.dll?ViewFeedback&userid=jaystax38&ssPageName=STRK:ME:UFS","100.0",,"0","79",,,,,,,,,,,,
"jemjem_certified","false","Green","7656","false","2013-02-06T00:58:50.000Z","US","Confirmed","Commercial","http://www.ebay.com/sch/jemjem_certified/m.html?_nkw=&_armrs=1&_from=&_ipg",,"http://feedback.ebay.com/ws/eBayISAPI.dll?ViewFeedback&userid=jemjem_certified&ssPageName=STRK:ME:UFS","97.8",,"156","7812","ItemAsDescribed","4.83","5722","Communication","4.89","5784","ShippingTime","4.95","6103","ShippingAndHandlingCharges","4.99","6210"
"jimwink","false","Turquoise","388","false","1998-09-17T21:14:46.000Z","US","Confirmed","Undefined","http://www.ebay.com/sch/jimwink/m.html?_nkw=&_armrs=1&_from=&_ipg",,"http://feedback.ebay.com/ws/eBayISAPI.dll?ViewFeedback&userid=jimwink&ssPageName=STRK:ME:UFS","98.9",,"1","389","ItemAsDescribed","4.64","28","Communication","4.89","28","ShippingTime","5.0","29","ShippingAndHandlingCharges","5.0","29"
"johnnyp1000","false","Red","4276","false","2001-10-27T16:46:51.000Z","US","Confirmed","Private","http://www.ebay.com/sch/johnnyp1000/m.html?_nkw=&_armrs=1&_from=&_ipg",,"http://feedback.ebay.com/ws/eBayISAPI.dll?ViewFeedback&userid=johnnyp1000&ssPageName=STRK:ME:UFS","100.0",,"0","4276","ItemAsDescribed","4.97","239","Communication","4.99","239","ShippingTime","5.0","253","ShippingAndHandlingCharges","5.0","255"
"libertymobile","false","Red","3123","false","2015-02-25T22:19:23.000Z","US","Confirmed","Commercial","http://www.ebay.com/sch/libertymobile/m.html?_nkw=&_armrs=1&_from=&_ipg",,"http://feedback.ebay.com/ws/eBayISAPI.dll?ViewFeedback&userid=libertymobile&ssPageName=STRK:ME:UFS","97.7","true","38","3160","ItemAsDescribed","4.79","702","Communication","4.89","718","ShippingTime","4.98","741","ShippingAndHandlingCharges","4.98","740"
"luckyidealz","false","None","9","false","2019-02-27T13:40:23.000Z","US","Confirmed","Private","http://www.ebay.com/sch/luckyidealz/m.html?_nkw=&_armrs=1&_from=&_ipg",,"http://feedback.ebay.com/ws/eBayISAPI.dll?ViewFeedback&userid=luckyidealz&ssPageName=STRK:ME:UFS","100.0",,"0","9",,,,,,,,,,,,
"luckywire","false","YellowShooting","14426","false","2009-04-02T18:25:05.000Z","US","Confirmed","Commercial","http://www.ebay.com/sch/luckywire/m.html?_nkw=&_armrs=1&_from=&_ipg",,"http://feedback.ebay.com/ws/eBayISAPI.dll?ViewFeedback&userid=luckywire&ssPageName=STRK:ME:UFS","93.0","true","242","14667","ItemAsDescribed","4.58","880","Communication","4.61","876","ShippingTime","4.94","935","ShippingAndHandlingCharges","4.95","944"
"mac.forever","false","Red","2075","false","2001-10-20T01:33:17.000Z","US","Confirmed","Commercial","http://www.ebay.com/sch/mac.forever/m.html?_nkw=&_armrs=1&_from=&_ipg",,"http://feedback.ebay.com/ws/eBayISAPI.dll?ViewFeedback&userid=mac.forever&ssPageName=STRK:ME:UFS","99.5","true","4","2079","ItemAsDescribed","4.91","367","Communication","4.96","359","ShippingTime","4.98","380","ShippingAndHandlingCharges","5.0","381"
"mfsalesstore","false","YellowShooting","15830","false","2010-10-22T00:48:05.000Z","US","Confirmed","Private","http://www.ebay.com/sch/mfsalesstore/m.html?_nkw=&_armrs=1&_from=&_ipg",,"http://feedback.ebay.com/ws/eBayISAPI.dll?ViewFeedback&userid=mfsalesstore&ssPageName=STRK:ME:UFS","99.3","true","91","15921","ItemAsDescribed","4.93","1324","Communication","4.94","1351","ShippingTime","4.98","1423","ShippingAndHandlingCharges","4.99","1432"
"midtownwireless","false","Purple","921","false","2017-08-22T17:17:33.000Z","US","Confirmed","Commercial","http://www.ebay.com/sch/midtownwireless/m.html?_nkw=&_armrs=1&_from=&_ipg",,"http://feedback.ebay.com/ws/eBayISAPI.dll?ViewFeedback&userid=midtownwireless&ssPageName=STRK:ME:UFS","98.3","true","16","937","ItemAsDescribed","4.71","607","Communication","4.9","624","ShippingTime","4.98","656","ShippingAndHandlingCharges","5.0","666"
"mobile_tek_usa","false","Green","7979","false","2009-03-16T02:39:30.000Z","US","Confirmed","Commercial","http://www.ebay.com/sch/mobile_tek_usa/m.html?_nkw=&_armrs=1&_from=&_ipg",,"http://feedback.ebay.com/ws/eBayISAPI.dll?ViewFeedback&userid=mobile_tek_usa&ssPageName=STRK:ME:UFS","99.0","true","73","8052","ItemAsDescribed","4.91","1303","Communication","4.95","1349","ShippingTime","4.99","1391","ShippingAndHandlingCharges","5.0","1408"
"mobiletopdeal","false","YellowShooting","12553","false","2005-06-25T20:14:18.000Z","US","Confirmed","Commercial","http://www.ebay.com/sch/mobiletopdeal/m.html?_nkw=&_armrs=1&_from=&_ipg",,"http://feedback.ebay.com/ws/eBayISAPI.dll?ViewFeedback&userid=mobiletopdeal&ssPageName=STRK:ME:UFS","99.2","true","82","12635","ItemAsDescribed","4.88","1722","Communication","4.9","1692","ShippingTime","4.97","1807","ShippingAndHandlingCharges","4.99","1827"
"mom-pops-cell-shop","false","Red","3554","false","1999-06-08T17:52:14.000Z","US","Confirmed","Commercial","http://www.ebay.com/sch/mom-pops-cell-shop/m.html?_nkw=&_armrs=1&_from=&_ipg",,"http://feedback.ebay.com/ws/eBayISAPI.dll?ViewFeedback&userid=mom-pops-cell-shop&ssPageName=STRK:ME:UFS","100.0","true","4","3558","ItemAsDescribed","4.98","409","Communication","4.98","409","ShippingTime","4.99","428","ShippingAndHandlingCharges","5.0","434"
"mywit","false","PurpleShooting","74304","false","2011-01-13T14:37:00.000Z","US","Confirmed","Commercial","http://www.ebay.com/sch/mywit/m.html?_nkw=&_armrs=1&_from=&_ipg",,"http://feedback.ebay.com/ws/eBayISAPI.dll?ViewFeedback&userid=mywit&ssPageName=STRK:ME:UFS","97.6","true","814","75111","ItemAsDescribed","4.85","6332","Communication","4.88","6296","ShippingTime","4.97","6758","ShippingAndHandlingCharges","4.98","6798"
"mywitoutlet","false","YellowShooting","23478","false","2011-02-15T18:37:10.000Z","US","Confirmed","Commercial","http://www.ebay.com/sch/mywitoutlet/m.html?_nkw=&_armrs=1&_from=&_ipg",,"http://feedback.ebay.com/ws/eBayISAPI.dll?ViewFeedback&userid=mywitoutlet&ssPageName=STRK:ME:UFS","96.8","true","517","23989","ItemAsDescribed","4.85","3981","Communication","4.87","3996","ShippingTime","4.96","4274","ShippingAndHandlingCharges","4.98","4321"
"never-msrp","false","PurpleShooting","97684","false","2006-10-26T22:57:06.000Z","US","Confirmed","Commercial","http://www.ebay.com/sch/never-msrp/m.html?_nkw=&_armrs=1&_from=&_ipg","http://members.ebay.com/ws/eBayISAPI.dll?ViewUserPage&userid=never-msrp","http://feedback.ebay.com/ws/eBayISAPI.dll?ViewFeedback&userid=never-msrp&ssPageName=STRK:ME:UFS","99.4","true","258","97942","ItemAsDescribed","4.92","13774","Communication","4.85","13933","ShippingTime","4.96","14458","ShippingAndHandlingCharges","4.93","14384"
"northamericanmobile","false","Green","9723","false","2008-04-27T18:38:26.000Z","US","Confirmed","Private","http://www.ebay.com/sch/northamericanmobile/m.html?_nkw=&_armrs=1&_from=&_ipg",,"http://feedback.ebay.com/ws/eBayISAPI.dll?ViewFeedback&userid=northamericanmobile&ssPageName=STRK:ME:UFS","98.4","true","112","9835","ItemAsDescribed","4.86","2551","Communication","4.9","2562","ShippingTime","4.96","2698","ShippingAndHandlingCharges","5.0","2743"
"noslecardente-0","false","None","5","false","2016-07-02T18:34:04.000Z","US","Confirmed","Private","http://www.ebay.com/sch/noslecardente-0/m.html?_nkw=&_armrs=1&_from=&_ipg",,"http://feedback.ebay.com/ws/eBayISAPI.dll?ViewFeedback&userid=noslecardente-0&ssPageName=STRK:ME:UFS","100.0",,"0","5",,,,,,,,,,,,
"nrnd49","false","None","0","true","2019-04-10T22:04:12.000Z","US","Confirmed","Private","http://www.ebay.com/sch/nrnd49/m.html?_nkw=&_armrs=1&_from=&_ipg",,"http://feedback.ebay.com/ws/eBayISAPI.dll?ViewFeedback&userid=nrnd49&ssPageName=STRK:ME:UFS","0.0",,"0","0",,,,,,,,,,,,
"nycelectron","false","Green","6702","false","2014-07-23T06:30:03.000Z","US","Confirmed","Commercial","http://www.ebay.com/sch/nycelectron/m.html?_nkw=&_armrs=1&_from=&_ipg",,"http://feedback.ebay.com/ws/eBayISAPI.dll?ViewFeedback&userid=nycelectron&ssPageName=STRK:ME:UFS","98.5",,"77","6779","ItemAsDescribed","4.92","1025","Communication","4.91","1007","ShippingTime","4.96","1090","ShippingAndHandlingCharges","5.0","1096"
"offtopicsales","false","None","5","false","2015-12-29T16:49:16.000Z","US","Confirmed","Private","http://www.ebay.com/sch/offtopicsales/m.html?_nkw=&_armrs=1&_from=&_ipg",,"http://feedback.ebay.com/ws/eBayISAPI.dll?ViewFeedback&userid=offtopicsales&ssPageName=STRK:ME:UFS","100.0",,"0","5",,,,,,,,,,,,
"om-wireless","false","TurquoiseShooting","26345","false","2004-03-12T05:40:57.000Z","US","Confirmed","Commercial","http://www.ebay.com/sch/om-wireless/m.html?_nkw=&_armrs=1&_from=&_ipg",,"http://feedback.ebay.com/ws/eBayISAPI.dll?ViewFeedback&userid=om-wireless&ssPageName=STRK:ME:UFS","99.5","true","204","26549","ItemAsDescribed","4.91","4852","Communication","4.94","4989","ShippingTime","4.98","5154","ShippingAndHandlingCharges","4.99","5182"
"pc4u2013","false","Turquoise","161","false","2007-03-19T19:30:15.000Z","US","Confirmed","Private","http://www.ebay.com/sch/pc4u2013/m.html?_nkw=&_armrs=1&_from=&_ipg",,"http://feedback.ebay.com/ws/eBayISAPI.dll?ViewFeedback&userid=pc4u2013&ssPageName=STRK:ME:UFS","100.0",,"0","161",,,,,,,,,,,,
"phone_cellar","false","RedShooting","114912","false","2011-11-27T01:55:29.000Z","US","Confirmed","Commercial","http://www.ebay.com/sch/phone_cellar/m.html?_nkw=&_armrs=1&_from=&_ipg",,"http://feedback.ebay.com/ws/eBayISAPI.dll?ViewFeedback&userid=phone_cellar&ssPageName=STRK:ME:UFS","99.2","true","912","115825","ItemAsDescribed","4.84","4240","Communication","4.92","4355","ShippingTime","4.96","4463","ShippingAndHandlingCharges","4.99","4502"
"phonestoreusa","false","RedShooting","162155","false","2004-02-20T18:18:02.000Z","US","Confirmed","Commercial","http://www.ebay.com/sch/phonestoreusa/m.html?_nkw=&_armrs=1&_from=&_ipg","http://members.ebay.com/ws/eBayISAPI.dll?ViewUserPage&userid=phonestoreusa","http://feedback.ebay.com/ws/eBayISAPI.dll?ViewFeedback&userid=phonestoreusa&ssPageName=STRK:ME:UFS","98.2","true","1914","164064","ItemAsDescribed","4.85","3267","Communication","4.9","3343","ShippingTime","4.98","3492","ShippingAndHandlingCharges","4.99","3525"
"poppy9780","false","RedShooting","201653","false","2007-02-09T00:10:03.000Z","US","Confirmed","Commercial","http://www.ebay.com/sch/poppy9780/m.html?_nkw=&_armrs=1&_from=&_ipg",,"http://feedback.ebay.com/ws/eBayISAPI.dll?ViewFeedback&userid=poppy9780&ssPageName=STRK:ME:UFS","99.2","true","1093","202747","ItemAsDescribed","4.89","12456","Communication","4.95","12863","ShippingTime","4.95","13037","ShippingAndHandlingCharges","4.97","13249"
"price2low1","false","YellowShooting","22750","false","2014-09-30T21:52:47.000Z","US","Confirmed","Commercial","http://www.ebay.com/sch/price2low1/m.html?_nkw=&_armrs=1&_from=&_ipg",,"http://feedback.ebay.com/ws/eBayISAPI.dll?ViewFeedback&userid=price2low1&ssPageName=STRK:ME:UFS","90.6","true","1346","24096","ItemAsDescribed","4.55","2289","Communication","4.58","2293","ShippingTime","4.88","2440","ShippingAndHandlingCharges","4.96","2477"
"prioritywireless","false","Red","1271","false","2005-01-16T16:28:55.000Z","US","Confirmed","Commercial","http://www.ebay.com/sch/prioritywireless/m.html?_nkw=&_armrs=1&_from=&_ipg",,"http://feedback.ebay.com/ws/eBayISAPI.dll?ViewFeedback&userid=prioritywireless&ssPageName=STRK:ME:UFS","99.5","true","5","1276","ItemAsDescribed","4.94","1013","Communication","4.97","1052","ShippingTime","4.98","1064","ShippingAndHandlingCharges","5.0","1079"
"qualitycellz","false","RedShooting","137947","false","2002-07-30T04:07:25.000Z","US","Confirmed","Commercial","http://www.ebay.com/sch/qualitycellz/m.html?_nkw=&_armrs=1&_from=&_ipg","http://members.ebay.com/ws/eBayISAPI.dll?ViewUserPage&userid=qualitycellz","http://feedback.ebay.com/ws/eBayISAPI.dll?ViewFeedback&userid=qualitycellz&ssPageName=STRK:ME:UFS","99.9","true","843","138787","ItemAsDescribed","4.87","4953","Communication","4.88","4834","ShippingTime","4.97","5233","ShippingAndHandlingCharges","4.98","5259"
"quickshipelectronics","false","RedShooting","308152","false","2002-04-27T03:38:08.000Z","US","Confirmed","Commercial","http://www.ebay.com/sch/quickshipelectronics/m.html?_nkw=&_armrs=1&_from=&_ipg","http://members.ebay.com/ws/eBayISAPI.dll?ViewUserPage&userid=quickshipelectronics","http://feedback.ebay.com/ws/eBayISAPI.dll?ViewFeedback&userid=quickshipelectronics&ssPageName=STRK:ME:UFS","99.8","true","1018","309167","ItemAsDescribed","4.94","22349","Communication","4.94","21792","ShippingTime","4.98","23396","ShippingAndHandlingCharges","5.0","23556"
"red_bull_81","false","Red","1911","false","2002-06-15T18:43:11.000Z","US","Confirmed","Private","http://www.ebay.com/sch/red_bull_81/m.html?_nkw=&_armrs=1&_from=&_ipg",,"http://feedback.ebay.com/ws/eBayISAPI.dll?ViewFeedback&userid=red_bull_81&ssPageName=STRK:ME:UFS","100.0",,"5","1916","ItemAsDescribed","4.95","134","Communication","4.93","136","ShippingTime","4.99","146","ShippingAndHandlingCharges","5.0","147"
"royaltyelectronics","false","Red","2329","false","2005-10-15T23:20:47.000Z","US","Confirmed","Commercial","http://www.ebay.com/sch/royaltyelectronics/m.html?_nkw=&_armrs=1&_from=&_ipg",,"http://feedback.ebay.com/ws/eBayISAPI.dll?ViewFeedback&userid=royaltyelectronics&ssPageName=STRK:ME:UFS","98.3","true","28","2356","ItemAsDescribed","4.86","1142","Communication","4.91","1181","ShippingTime","4.95","1210","ShippingAndHandlingCharges","4.96","1219"
"ryans_games","false","YellowShooting","23353","false","2002-03-18T09:27:26.000Z","US","Confirmed","Commercial","http://www.ebay.com/sch/ryans_games/m.html?_nkw=&_armrs=1&_from=&_ipg","http://members.ebay.com/ws/eBayISAPI.dll?ViewUserPage&userid=ryans_games","http://feedback.ebay.com/ws/eBayISAPI.dll?ViewFeedback&userid=ryans_games&ssPageName=STRK:ME:UFS","100.0","true","7","23360","ItemAsDescribed","4.97","1234","Communication","4.98","1332","ShippingTime","4.97","1172","ShippingAndHandlingCharges","4.99","1263"
"salebrigade","false","Green","5687","false","1999-07-29T19:27:53.000Z","US","Confirmed","Undefined","http://www.ebay.com/sch/salebrigade/m.html?_nkw=&_armrs=1&_from=&_ipg",,"http://feedback.ebay.com/ws/eBayISAPI.dll?ViewFeedback&userid=salebrigade&ssPageName=STRK:ME:UFS","99.5","true","30","5717","ItemAsDescribed","4.87","128","Communication","4.95","137","ShippingTime","5.0","138","ShippingAndHandlingCharges","5.0","139"
"salmonofdoubt","false","Purple","926","false","2002-02-18T14:20:59.000Z","US","Confirmed","Private","http://www.ebay.com/sch/salmonofdoubt/m.html?_nkw=&_armrs=1&_from=&_ipg",,"http://feedback.ebay.com/ws/eBayISAPI.dll?ViewFeedback&userid=salmonofdoubt&ssPageName=STRK:ME:UFS","100.0",,"0","926",,,,,,,,,,,,
"samanthatronics","false","Red","2318","false","2017-03-09T22:02:44.000Z","US","Confirmed","Private","http://www.ebay.com/sch/samanthatronics/m.html?_nkw=&_armrs=1&_from=&_ipg",,"http://feedback.ebay.com/ws/eBayISAPI.dll?ViewFeedback&userid=samanthatronics&ssPageName=STRK:ME:UFS","99.7","true","9","2327","ItemAsDescribed","4.88","1919","Communication","4.95","2001","ShippingTime","4.97","2021","ShippingAndHandlingCharges","4.99","2054"
"sami809","false","RedShooting","243886","false","2003-12-18T17:43:55.000Z","US","Confirmed","Private","http://www.ebay.com/sch/sami809/m.html?_nkw=&_armrs=1&_from=&_ipg",,"http://feedback.ebay.com/ws/eBayISAPI.dll?ViewFeedback&userid=sami809&ssPageName=STRK:ME:UFS","94.0","true","2392","246280","ItemAsDescribed","4.66","3815","Communication","4.81","3926","ShippingTime","4.97","4055","ShippingAndHandlingCharges","4.97","4091"
"santamonicawireless","false","YellowShooting","17007","false","2014-06-05T19:20:26.000Z","US","Confirmed","Commercial","http://www.ebay.com/sch/santamonicawireless/m.html?_nkw=&_armrs=1&_from=&_ipg",,"http://feedback.ebay.com/ws/eBayISAPI.dll?ViewFeedback&userid=santamonicawireless&ssPageName=STRK:ME:UFS","99.5","true","75","17082","ItemAsDescribed","4.91","2770","Communication","4.94","2867","ShippingTime","4.96","2938","ShippingAndHandlingCharges","4.99","2972"
"shipmda07","false","Turquoise","423","false","2011-03-03T20:41:58.000Z","US","Confirmed","Private","http://www.ebay.com/sch/shipmda07/m.html?_nkw=&_armrs=1&_from=&_ipg",,"http://feedback.ebay.com/ws/eBayISAPI.dll?ViewFeedback&userid=shipmda07&ssPageName=STRK:ME:UFS","97.3","true","8","431","ItemAsDescribed","4.79","56","Communication","4.83","58","ShippingTime","4.97","59","ShippingAndHandlingCharges","4.71","56"
"shopcelldeals","false","RedShooting","230978","false","2004-09-23T14:57:51.000Z","US","Confirmed","Private","http://www.ebay.com/sch/shopcelldeals/m.html?_nkw=&_armrs=1&_from=&_ipg",,"http://feedback.ebay.com/ws/eBayISAPI.dll?ViewFeedback&userid=shopcelldeals&ssPageName=STRK:ME:UFS","99.2","true","946","231925","ItemAsDescribed","4.92","3719","Communication","4.96","3919","ShippingTime","4.99","4019","ShippingAndHandlingCharges","5.0","4044"
"sightandsoundstore","false","YellowShooting","10053","false","2000-12-30T16:56:01.000Z","US","Confirmed","Commercial","http://www.ebay.com/sch/sightandsoundstore/m.html?_nkw=&_armrs=1&_from=&_ipg",,"http://feedback.ebay.com/ws/eBayISAPI.dll?ViewFeedback&userid=sightandsoundstore&ssPageName=STRK:ME:UFS","100.0","true","13","10066","ItemAsDescribed","4.87","95","Communication","4.88","93","ShippingTime","5.0","100","ShippingAndHandlingCharges","5.0","99"
"smarter.phone","false","Green","9223","false","2015-07-10T20:15:04.000Z","US","Confirmed","Commercial","http://www.ebay.com/sch/smarter.phone/m.html?_nkw=&_armrs=1&_from=&_ipg",,"http://feedback.ebay.com/ws/eBayISAPI.dll?ViewFeedback&userid=smarter.phone&ssPageName=STRK:ME:UFS","96.5","true","319","9544","ItemAsDescribed","4.82","2156","Communication","4.84","2197","ShippingTime","4.94","2300","ShippingAndHandlingCharges","4.99","2319"
"smartphonebiz","false","Red","4595","false","2002-01-23T08:36:50.000Z","US","Confirmed","Undefined","http://www.ebay.com/sch/smartphonebiz/m.html?_nkw=&_armrs=1&_from=&_ipg",,"http://feedback.ebay.com/ws/eBayISAPI.dll?ViewFeedback&userid=smartphonebiz&ssPageName=STRK:ME:UFS","98.2","true","47","4642","ItemAsDescribed","4.88","684","Communication","4.86","696","ShippingTime","4.96","725","ShippingAndHandlingCharges","5.0","734"
"smelltheuniverse","false","Green","5414","false","2008-02-19T02:00:41.000Z","US","Confirmed","Private","http://www.ebay.com/sch/smelltheuniverse/m.html?_nkw=&_armrs=1&_from=&_ipg",,"http://feedback.ebay.com/ws/eBayISAPI.dll?ViewFeedback&userid=smelltheuniverse&ssPageName=STRK:ME:UFS","99.2","true","102","5516","ItemAsDescribed","4.94","113","Communication","4.92","110","ShippingTime","4.84","112","ShippingAndHandlingCharges","4.99","114"
"sna320","false","Turquoise","196","false","2010-10-07T18:57:37.000Z","US","Confirmed","Private","http://www.ebay.com/sch/sna320/m.html?_nkw=&_armrs=1&_from=&_ipg",,"http://feedback.ebay.com/ws/eBayISAPI.dll?ViewFeedback&userid=sna320&ssPageName=STRK:ME:UFS","100.0",,"1","197",,,,,,,,,,,,
"sobeonline1","false","TurquoiseShooting","40773","false","2011-08-13T00:44:54.000Z","US","Confirmed","Commercial","http://www.ebay.com/sch/sobeonline1/m.html?_nkw=&_armrs=1&_from=&_ipg",,"http://feedback.ebay.com/ws/eBayISAPI.dll?ViewFeedback&userid=sobeonline1&ssPageName=STRK:ME:UFS","98.7","true","318","41090","ItemAsDescribed","4.89","6399","Communication","4.88","6454","ShippingTime","4.93","6747","ShippingAndHandlingCharges","4.96","6802"
"spartantechonline","false","PurpleShooting","87226","false","2001-04-16T16:52:18.000Z","US","Confirmed","Commercial","http://www.ebay.com/sch/spartantechonline/m.html?_nkw=&_armrs=1&_from=&_ipg",,"http://feedback.ebay.com/ws/eBayISAPI.dll?ViewFeedback&userid=spartantechonline&ssPageName=STRK:ME:UFS","99.4","true","1066","88292","ItemAsDescribed","4.88","5142","Communication","4.96","5431","ShippingTime","4.98","5475","ShippingAndHandlingCharges","4.99","5511"
"stonepackgo18","false","Turquoise","175","false","2018-06-02T08:04:01.000Z","HongKong","Confirmed","Commercial","http://www.ebay.com/sch/stonepackgo18/m.html?_nkw=&_armrs=1&_from=&_ipg",,"http://feedback.ebay.com/ws/eBayISAPI.dll?ViewFeedback&userid=stonepackgo18&ssPageName=STRK:ME:UFS","97.8","true","4","179","ItemAsDescribed","4.86","169","Communication","4.92","174","ShippingTime","4.93","176","ShippingAndHandlingCharges","4.99","189"
"supplytronics","false","TurquoiseShooting","39119","false","2010-12-13T18:14:45.000Z","US","Confirmed","Commercial","http://www.ebay.com/sch/supplytronics/m.html?_nkw=&_armrs=1&_from=&_ipg","http://members.ebay.com/ws/eBayISAPI.dll?ViewUserPage&userid=supplytronics","http://feedback.ebay.com/ws/eBayISAPI.dll?ViewFeedback&userid=supplytronics&ssPageName=STRK:ME:UFS","98.4","true","645","39762","ItemAsDescribed","4.81","12482","Communication","4.92","12634","ShippingTime","4.98","13162","ShippingAndHandlingCharges","5.0","13257"
"tekreplay","false","PurpleShooting","81652","false","2001-08-12T16:44:14.000Z","US","Confirmed","Commercial","http://www.ebay.com/sch/tekreplay/m.html?_nkw=&_armrs=1&_from=&_ipg",,"http://feedback.ebay.com/ws/eBayISAPI.dll?ViewFeedback&userid=tekreplay&ssPageName=STRK:ME:UFS","99.0","true","823","82473","ItemAsDescribed","4.86","10890","Communication","4.92","10959","ShippingTime","4.98","11512","ShippingAndHandlingCharges","4.99","11591"
"themobileguys","false","Red","2721","false","2015-08-17T19:02:07.000Z","US","Confirmed","Commercial","http://www.ebay.com/sch/themobileguys/m.html?_nkw=&_armrs=1&_from=&_ipg",,"http://feedback.ebay.com/ws/eBayISAPI.dll?ViewFeedback&userid=themobileguys&ssPageName=STRK:ME:UFS","97.8","true","39","2761","ItemAsDescribed","4.8","775","Communication","4.87","796","ShippingTime","4.97","826","ShippingAndHandlingCharges","4.98","823"
"tigerphones","false","YellowShooting","11876","false","2006-12-04T04:17:10.000Z","US","Confirmed","Commercial","http://www.ebay.com/sch/tigerphones/m.html?_nkw=&_armrs=1&_from=&_ipg",,"http://feedback.ebay.com/ws/eBayISAPI.dll?ViewFeedback&userid=tigerphones&ssPageName=STRK:ME:UFS","99.4","true","71","11947","ItemAsDescribed","4.92","2253","Communication","4.94","2267","ShippingTime","4.97","2372","ShippingAndHandlingCharges","4.98","2386"
"tous97","false","Purple","553","false","2014-05-09T16:46:44.000Z","US","Confirmed","Private","http://www.ebay.com/sch/tous97/m.html?_nkw=&_armrs=1&_from=&_ipg",,"http://feedback.ebay.com/ws/eBayISAPI.dll?ViewFeedback&userid=tous97&ssPageName=STRK:ME:UFS","100.0","true","1","554","ItemAsDescribed","4.96","147","Communication","4.93","151","ShippingTime","4.98","154","ShippingAndHandlingCharges","4.97","154"
"travelandwork","false","Red","2589","false","2007-10-03T21:50:59.000Z","US","Confirmed","Private","http://www.ebay.com/sch/travelandwork/m.html?_nkw=&_armrs=1&_from=&_ipg",,"http://feedback.ebay.com/ws/eBayISAPI.dll?ViewFeedback&userid=travelandwork&ssPageName=STRK:ME:UFS","100.0",,"10","2599","ItemAsDescribed","4.93","91","Communication","5.0","90","ShippingTime","4.93","92","ShippingAndHandlingCharges","5.0","93"
"trentnine56","false","Purple","657","false","2014-05-15T12:01:47.000Z","UK","Confirmed","Commercial","http://www.ebay.com/sch/trentnine56/m.html?_nkw=&_armrs=1&_from=&_ipg",,"http://feedback.ebay.com/ws/eBayISAPI.dll?ViewFeedback&userid=trentnine56&ssPageName=STRK:ME:UFS","100.0",,"3","660","ItemAsDescribed","4.99","76","Communication","4.92","75","ShippingTime","4.88","76","ShippingAndHandlingCharges","5.0","78"
"ugly69hockey","false","Blue","60","false","2004-04-30T01:37:38.000Z","US","Confirmed","Private","http://www.ebay.com/sch/ugly69hockey/m.html?_nkw=&_armrs=1&_from=&_ipg",,"http://feedback.ebay.com/ws/eBayISAPI.dll?ViewFeedback&userid=ugly69hockey&ssPageName=STRK:ME:UFS","91.7",,"4","64",,,,,,,,,,,,
"unlocked.kingdom","false","Red","1918","false","2017-06-17T04:43:18.000Z","HongKong","Confirmed","Commercial","http://www.ebay.com/sch/unlocked.kingdom/m.html?_nkw=&_armrs=1&_from=&_ipg",,"http://feedback.ebay.com/ws/eBayISAPI.dll?ViewFeedback&userid=unlocked.kingdom&ssPageName=STRK:ME:UFS","97.4","true","45","1963","ItemAsDescribed","4.88","1620","Communication","4.89","1618","ShippingTime","4.75","1000","ShippingAndHandlingCharges","4.94","1032"
"v.global","false","Purple","873","false","2017-06-22T15:48:32.000Z","HongKong","Confirmed","Commercial","http://www.ebay.com/sch/v.global/m.html?_nkw=&_armrs=1&_from=&_ipg",,"http://feedback.ebay.com/ws/eBayISAPI.dll?ViewFeedback&userid=v.global&ssPageName=STRK:ME:UFS","98.4",,"21","894","ItemAsDescribed","4.79","227","Communication","4.71","224","ShippingTime","4.76","237","ShippingAndHandlingCharges","5.0","242"
"valueplus1","false","Turquoise","403","false","2012-02-17T04:46:46.000Z","US","Confirmed","Private","http://www.ebay.com/sch/valueplus1/m.html?_nkw=&_armrs=1&_from=&_ipg",,"http://feedback.ebay.com/ws/eBayISAPI.dll?ViewFeedback&userid=valueplus1&ssPageName=STRK:ME:UFS","100.0",,"0","403","ItemAsDescribed","4.87","23","Communication","5.0","24","ShippingTime","5.0","24","ShippingAndHandlingCharges","5.0","24"
"view_buy3c","false","Red","3534","false","2017-05-15T10:59:57.000Z","HongKong","Confirmed","Commercial","http://www.ebay.com/sch/view_buy3c/m.html?_nkw=&_armrs=1&_from=&_ipg",,"http://feedback.ebay.com/ws/eBayISAPI.dll?ViewFeedback&userid=view_buy3c&ssPageName=STRK:ME:UFS","99.0",,"119","3653","ItemAsDescribed","4.95","1244","Communication","4.94","1246","ShippingTime","4.91","826","ShippingAndHandlingCharges","4.99","829"
"wikiwoo","false","YellowShooting","18648","false","2002-11-21T10:39:42.000Z","US","Confirmed","Commercial","http://www.ebay.com/sch/wikiwoo/m.html?_nkw=&_armrs=1&_from=&_ipg",,"http://feedback.ebay.com/ws/eBayISAPI.dll?ViewFeedback&userid=wikiwoo&ssPageName=STRK:ME:UFS","99.4","true","159","18807","ItemAsDescribed","4.93","6343","Communication","4.95","6412","ShippingTime","4.98","6800","ShippingAndHandlingCharges","4.96","6732"
"wirelessmarket1","false","TurquoiseShooting","35198","false","2013-12-12T19:22:48.000Z","US","Confirmed","Commercial","http://www.ebay.com/sch/wirelessmarket1/m.html?_nkw=&_armrs=1&_from=&_ipg",,"http://feedback.ebay.com/ws/eBayISAPI.dll?ViewFeedback&userid=wirelessmarket1&ssPageName=STRK:ME:UFS","95.7",,"727","35925","ItemAsDescribed","4.75","4420","Communication","4.8","4414","ShippingTime","4.97","4686","ShippingAndHandlingCharges","4.98","4710"
"wirelessxpertztx","false","Turquoise","116","false","2016-08-19T21:38:55.000Z","US","Confirmed","Commercial","http://www.ebay.com/sch/wirelessxpertztx/m.html?_nkw=&_armrs=1&_from=&_ipg",,"http://feedback.ebay.com/ws/eBayISAPI.dll?ViewFeedback&userid=wirelessxpertztx&ssPageName=STRK:ME:UFS","100.0","true","0","116","ItemAsDescribed","4.96","78","Communication","4.96","79","ShippingTime","5.0","82","ShippingAndHandlingCharges","5.0","83"
"x-man0802","false","YellowShooting","24183","false","2008-08-02T10:35:01.000Z","HongKong","Confirmed","Commercial","http://www.ebay.com/sch/x-man0802/m.html?_nkw=&_armrs=1&_from=&_ipg","http://members.ebay.com/ws/eBayISAPI.dll?ViewUserPage&userid=x-man0802","http://feedback.ebay.com/ws/eBayISAPI.dll?ViewFeedback&userid=x-man0802&ssPageName=STRK:ME:UFS","97.8","true","262","24445","ItemAsDescribed","4.84","1198","Communication","4.87","1193","ShippingTime","4.82","1212","ShippingAndHandlingCharges","5.0","1258"
"xpwizard","false","Turquoise","350","false","2001-12-04T06:41:10.000Z","US","Confirmed","Undefined","http://www.ebay.com/sch/xpwizard/m.html?_nkw=&_armrs=1&_from=&_ipg",,"http://feedback.ebay.com/ws/eBayISAPI.dll?ViewFeedback&userid=xpwizard&ssPageName=STRK:ME:UFS","100.0","true","1","351","ItemAsDescribed","5.0","29","Communication","4.97","29","ShippingTime","4.93","30","ShippingAndHandlingCharges","5.0","31"
"xyzshop2015","false","Red","3462","false","2015-10-29T10:42:58.000Z","HongKong","Confirmed","Commercial","http://www.ebay.com/sch/xyzshop2015/m.html?_nkw=&_armrs=1&_from=&_ipg",,"http://feedback.ebay.com/ws/eBayISAPI.dll?ViewFeedback&userid=xyzshop2015&ssPageName=STRK:ME:UFS","97.6","true","60","3522","ItemAsDescribed","4.88","915","Communication","4.88","910","ShippingTime","4.69","486","ShippingAndHandlingCharges","4.97","507"
"vombotsupply","false","Red","2545","false","2018-05-22T18:04:19.000Z","US","Confirmed","Commercial","http://www.ebay.com/sch/vombotsupply/m.html?_nkw=&_armrs=1&_from=&_ipg",,"http://feedback.ebay.com/ws/eBayISAPI.dll?ViewFeedback&userid=vombotsupply&ssPageName=STRK:ME:UFS","99.3","true","17","2562","ItemAsDescribed","4.89","2434","Communication","4.93","2443","ShippingTime","4.98","2570","ShippingAndHandlingCharges","4.99","2588"
"never-msrp","false","PurpleShooting","97718","false","2006-10-26T22:57:06.000Z","US","Confirmed","Commercial","http://www.ebay.com/sch/never-msrp/m.html?_nkw=&_armrs=1&_from=&_ipg","http://members.ebay.com/ws/eBayISAPI.dll?ViewUserPage&userid=never-msrp","http://feedback.ebay.com/ws/eBayISAPI.dll?ViewFeedback&userid=never-msrp&ssPageName=STRK:ME:UFS","99.4","true","258","97976","ItemAsDescribed","4.92","13809","Communication","4.85","13968","ShippingTime","4.96","14494","ShippingAndHandlingCharges","4.93","14421"
"eomsales","false","Red","2762","false","2007-12-25T02:00:35.000Z","US","Confirmed","Commercial","http://www.ebay.com/sch/eomsales/m.html?_nkw=&_armrs=1&_from=&_ipg",,"http://feedback.ebay.com/ws/eBayISAPI.dll?ViewFeedback&userid=eomsales&ssPageName=STRK:ME:UFS","96.1","true","118","2880","ItemAsDescribed","4.73","1349","Communication","4.81","1338","ShippingTime","4.94","1416","ShippingAndHandlingCharges","5.0","1434"
"qd_us","false","YellowShooting","11109","false","2009-07-25T02:23:11.000Z","Australia","Confirmed","Commercial","http://www.ebay.com/sch/qd_us/m.html?_nkw=&_armrs=1&_from=&_ipg",,"http://feedback.ebay.com/ws/eBayISAPI.dll?ViewFeedback&userid=qd_us&ssPageName=STRK:ME:UFS","98.8",,"60","11169","ItemAsDescribed","4.91","843","Communication","4.92","852","ShippingTime","4.91","865","ShippingAndHandlingCharges","4.94","878"
"mywitoutlet","false","YellowShooting","23499","false","2011-02-15T18:37:10.000Z","US","Confirmed","Commercial","http://www.ebay.com/sch/mywitoutlet/m.html?_nkw=&_armrs=1&_from=&_ipg",,"http://feedback.ebay.com/ws/eBayISAPI.dll?ViewFeedback&userid=mywitoutlet&ssPageName=STRK:ME:UFS","96.8","true","518","24011","ItemAsDescribed","4.84","4003","Communication","4.87","4017","ShippingTime","4.96","4297","ShippingAndHandlingCharges","4.98","4344"
"cellfeee","false","TurquoiseShooting","37684","false","2015-05-07T15:57:50.000Z","US","Confirmed","Commercial","http://www.ebay.com/sch/cellfeee/m.html?_nkw=&_armrs=1&_from=&_ipg",,"http://feedback.ebay.com/ws/eBayISAPI.dll?ViewFeedback&userid=cellfeee&ssPageName=STRK:ME:UFS","97.9","true","1015","38694","ItemAsDescribed","4.86","8910","Communication","4.95","9521","ShippingTime","4.98","9633","ShippingAndHandlingCharges","4.99","9737"
